314,310,298,293,279,278,281,289,294,290,278,251,229,208,198,186,174,160,145,134,129,120,113,109,106
58,59,63,71,81,102,131,140,147,153,159,163,159,153,151,155,163,164,166,168,164,169,178,184,190
304,292,281,268,259,255,248,241,231,220,222,222,222,223,224,228,233,243,256,262,270,277,274,269,267
40,40,40,40,60,71,83,87,100,112,121,125,130,132,123,112,89,77,69,66,67,71,75,74,72
212,210,204,200,199,201,201,194,188,183,181,176,170,168,169,172,179,192,203,205,210,213,212,216,213
145,141,137,133,129,124,125,122,123,130,149,162,169,179,192,203,212,211,213,204,200,196,189,183,179
40,40,46,53,57,57,55,58,70,77,87,99,108,112,120,127,131,137,129,127,132,140,147,157,172
225,226,216,214,208,203,198,194,197,199,201,205,206,206,204,197,188,178,170,163,155,147,139,132,126
166,167,166,166,164,162,170,175,173,168,164,159,153,147,142,139,135,131,128,124,122,120,115,111,106
145,147,148,150,149,147,147,148,149,153,167,184,196,201,212,223,218,220,215,216,216,224,235,241,239
108,140,161,180,197,201,209,222,226,237,238,251,250,247,247,244,237,230,224,223,226,228,231,229,217
44,45,48,53,63,74,77,83,92,107,115,125,130,132,131,134,131,130,130,130,130,131,130,127,125
135,144,155,167,182,192,194,201,198,190,180,169,163,157,155,161,169,170,167,162,159,162,162,158,145
178,178,184,185,186,188,198,213,232,244,243,236,230,228,234,258,277,273,272,272,274,264,236,230,220
253,258,264,270,270,260,256,273,276,275,275,276,272,267,257,241,231,213,182,176,164,133,140,161,165
84,85,88,91,95,101,109,112,115,118,117,120,127,125,126,125,124,127,131,133,131,127,130,139,154
186,191,197,206,214,221,242,248,252,251,264,267,260,248,239,242,240,237,234,231,231,232,233,234,232
153,150,158,161,160,158,163,165,162,155,151,143,136,140,146,156,177,184,192,198,202,207,206,202,201
99,98,99,100,102,108,114,126,139,153,170,183,195,203,210,217,223,223,223,218,217,221,224,224,220
97,111,124,136,146,157,171,178,191,206,211,222,226,219,210,202,195,195,192,186,181,179,182,179,172
141,142,136,139,147,153,164,168,176,179,171,166,161,161,167,169,169,171,175,181,192,191,188,181,170
124,118,118,121,131,139,150,156,157,151,143,134,132,135,136,130,116,98,92,96,103,107,107,102,95
149,146,146,149,154,155,154,153,153,152,152,153,159,170,183,200,213,223,232,237,243,247,248,247,246
151,141,131,125,118,112,105,107,109,115,123,142,156,169,177,191,208,209,216,222,227,232,239,247,246
106,103,98,92,96,99,100,96,94,96,100,107,124,135,143,152,157,160,157,153,152,152,153,153,154
120,126,129,129,123,113,109,111,115,116,116,117,127,147,158,168,181,181,180,174,169,169,173,174,172
273,265,247,236,234,228,219,203,188,174,162,153,145,134,126,126,126,130,130,131,136,138,139,142,142
66,65,65,68,74,88,100,110,129,141,142,144,140,135,131,124,121,115,109,109,111,113,111,110,109
95,96,98,99,102,110,130,150,176,195,211,221,225,226,233,234,238,225,219,225,226,221,220,219,222
268,266,261,258,252,247,248,250,247,241,229,220,212,210,207,205,196,187,180,175,170,167,164,161,159
288,303,319,331,347,373,377,367,361,358,365,380,376,374,369,360,350,341,335,329,318,305,296,289,282
271,272,265,251,228,233,237,229,222,218,215,219,224,231,231,231,230,230,240,272,265,258,253,254,254
151,145,143,139,132,135,136,137,138,138,144,159,181,194,215,240,256,265,282,293,281,284,286,297,302
90,101,119,135,151,165,179,191,201,213,220,227,228,227,226,228,244,252,258,268,265,258,251,249,253
255,252,247,242,238,231,229,222,224,232,244,260,262,263,262,259,259,256,251,245,243,239,233,224,209
98,95,90,87,90,93,95,98,99,104,115,130,139,151,160,169,176,181,178,172,170,171,170,167,165
131,128,120,112,108,110,114,116,119,129,138,150,160,179,199,215,227,238,251,263,268,275,269,265,269
267,262,256,245,233,221,211,202,198,199,206,212,216,217,213,209,202,191,183,175,181,181,171,166,159
294,301,308,309,315,317,317,318,316,317,315,311,306,297,284,271,261,252,244,236,228,219,210,203,197
195,210,216,224,231,246,261,259,262,278,287,278,261,255,257,251,249,244,232,233,242,239,240,244,245
226,223,220,222,221,218,211,218,225,225,218,210,208,205,197,190,183,176,170,165,161,157,152,150,147
145,149,147,150,149,141,138,137,133,131,137,142,149,165,201,209,231,232,240,250,266,268,267,275,294
304,304,311,304,294,286,281,278,277,277,282,301,307,306,296,295,309,310,311,312,311,300,291,293,292
88,80,74,69,65,58,64,64,62,61,62,64,68,78,85,87,86,81,77,73,70,68,66,66,66
247,260,269,279,286,283,280,277,273,273,268,259,252,237,222,209,200,189,182,175,169,163,156,151,145
142,140,134,130,129,133,132,133,131,127,128,129,128,135,141,150,163,194,195,206,202,193,188,187,189
125,120,121,123,124,145,155,148,143,141,145,150,155,161,160,157,156,153,150,146,144,143,141,139,138
108,109,110,112,113,114,116,120,124,131,144,153,158,166,177,162,154,165,170,178,184,191,197,203,207
171,166,160,153,147,144,142,147,151,157,169,178,181,186,195,202,208,215,221,230,236,238,236,232,233
228,223,226,229,228,225,224,226,231,239,238,233,226,215,207,201,195,190,190,191,188,185,181,180,181
116,115,116,117,122,126,128,129,133,142,157,171,179,186,193,197,203,208,211,213,214,216,221,226,231
289,292,297,304,304,305,312,313,309,305,299,297,293,285,274,264,253,244,235,225,213,202,189,176,166
96,92,89,86,84,78,75,77,83,101,126,136,143,142,139,130,124,124,122,116,115,119,125,131,138
126,126,129,138,154,166,169,182,208,232,240,256,279,276,280,285,284,285,284,282,272,260,255,247,236
88,104,151,148,149,144,134,132,123,116,111,107,107,116,140,141,134,138,137,122,116,114,114,111,113
92,86,86,82,77,80,79,74,73,77,89,105,112,106,99,96,91,90,83,72,63,57,51,49,51
151,154,160,163,159,146,135,139,140,133,124,114,115,122,125,124,120,114,109,100,79,82,90,99,105
144,142,136,132,131,137,155,161,167,177,175,163,157,155,159,162,167,177,203,199,197,204,223,251,244
287,309,325,341,355,362,328,312,309,299,289,293,303,305,305,310,304,283,262,240,225,234,257,257,251
103,96,82,72,69,63,52,51,46,40,40,43,47,54,75,80,89,90,91,101,96,92,93,107,120
150,155,156,158,160,167,160,154,151,147,145,146,144,145,144,142,141,142,143,140,139,138,135,137,146
153,146,137,130,122,126,129,127,127,124,121,120,121,114,93,91,98,106,112,122,120,118,120,131,142
84,79,76,74,80,81,80,82,83,94,131,146,158,171,185,197,212,221,228,218,205,190,164,147,144
86,89,98,113,127,122,110,109,120,128,131,132,128,120,111,109,111,114,111,106,100,96,95,95,94
86,91,91,91,91,92,105,115,116,112,108,104,106,109,110,113,126,128,129,128,128,131,133,137,143
139,135,132,136,150,153,154,150,143,138,131,124,116,110,111,111,110,110,111,112,111,113,115,116,119
125,124,125,125,126,131,140,154,165,164,171,174,180,174,171,174,172,166,167,167,170,169,164,153,155
97,103,111,122,137,150,157,166,172,177,181,184,177,172,166,156,155,152,148,143,133,126,120,116,121
40,40,43,50,53,53,52,64,69,71,77,86,92,96,95,94,93,94,97,102,111,124,123,123,114
152,151,152,168,179,180,180,179,177,174,167,161,155,152,151,149,146,143,139,137,134,133,133,132,128
287,294,302,299,305,316,320,321,315,308,301,291,285,279,280,276,258,251,245,238,227,215,207,204,199
111,114,108,105,99,96,91,87,88,95,112,131,143,152,160,166,170,170,169,167,162,161,166,175,177
176,168,156,150,142,133,127,122,133,150,162,176,186,190,189,180,177,177,179,179,172,171,169,165,161
197,195,194,190,179,182,196,199,198,193,179,168,162,157,159,163,163,161,154,144,136,130,131,134,133
153,150,145,139,134,136,138,141,145,153,178,190,195,200,207,214,224,229,232,228,222,222,219,214,215
238,257,257,258,259,259,259,255,251,249,246,245,242,224,215,205,205,206,215,231,230,221,214,199,187
140,137,134,134,130,122,116,116,123,136,159,183,189,195,193,190,186,187,193,196,195,190,182,172,162
296,308,313,320,326,328,335,357,365,377,372,368,365,354,341,326,316,302,281,258,237,218,201,188,176
92,95,93,89,83,81,80,82,88,100,122,128,129,131,133,140,157,156,162,162,158,157,152,148,144
136,138,140,140,139,134,128,131,143,164,179,197,216,230,240,245,242,238,237,238,246,255,262,270,265
367,374,383,382,372,365,356,343,332,327,316,303,289,274,261,247,235,233,221,204,185,170,155,143,131
40,45,50,53,53,51,50,55,74,93,118,136,157,178,197,212,211,211,209,217,235,249,256,258,255
352,357,350,337,314,304,308,308,306,293,284,278,272,264,256,248,240,233,229,230,232,233,229,217,204
104,114,117,122,127,119,116,112,109,97,93,93,94,100,121,126,139,137,128,129,129,129,121,114,119
354,353,341,328,325,318,318,321,319,309,289,270,257,246,232,219,207,197,194,190,187,192,195,192,182
219,228,235,242,249,257,263,267,272,278,277,275,268,258,243,232,229,219,208,191,186,181,175,173,170
154,149,142,137,132,125,119,112,107,109,114,122,132,139,146,151,156,159,160,159,155,151,146,142,140
104,103,102,100,98,97,97,99,103,112,126,135,144,154,161,169,176,182,187,189,187,186,183,183,183
178,177,176,174,171,194,204,199,192,187,183,179,174,167,160,152,145,139,134,130,125,120,116,114,113
142,139,137,137,138,138,136,135,135,139,155,173,185,197,207,218,226,231,235,236,232,228,224,219,209
208,209,207,207,208,208,208,208,210,215,222,227,228,224,219,216,214,213,214,215,213,209,208,209,211
213,214,215,215,215,214,214,212,212,210,208,203,200,198,200,197,189,187,187,185,181,180,184,193,212
223,228,238,248,257,266,273,276,277,278,284,289,298,295,288,278,260,246,234,223,213,204,191,177,168
111,112,114,114,117,118,119,122,124,125,127,135,154,166,179,190,196,203,206,202,197,194,199,209,214
130,132,133,133,132,129,128,130,134,142,151,156,164,173,179,186,194,194,200,209,214,214,205,201,200
248,254,267,263,259,252,248,244,239,235,227,212,207,203,199,195,185,173,163,155,148,141,136,131,129
133,136,137,139,160,174,182,187,196,215,227,242,262,292,313,333,354,355,328,333,340,344,347,347,345
240,238,233,231,223,213,206,206,204,206,216,217,222,231,240,248,263,273,261,259,261,267,269,274,281
124,124,125,127,144,151,150,150,153,153,151,147,139,139,138,137,135,132,129,128,124,118,117,119,122
395,389,378,365,349,340,324,317,299,289,280,272,262,255,242,235,227,220,206,205,198,195,201,205,204
185,185,186,186,185,184,180,179,177,174,172,166,162,161,160,159,159,158,153,150,149,144,137,132,127
321,320,315,307,308,304,283,287,290,288,275,257,245,240,235,235,240,234,226,224,217,205,206,192,182
40,44,54,80,97,112,111,124,130,136,152,167,179,191,200,209,216,216,214,210,208,204,199,195,191
174,178,176,176,183,184,190,189,186,187,200,229,234,235,222,221,223,227,228,226,229,226,215,197,180
111,111,108,103,104,106,106,113,114,114,113,114,115,119,136,145,156,150,148,144,143,143,138,121,125
163,166,167,167,160,152,145,139,137,138,141,146,146,140,129,129,140,157,156,150,144,137,136,135,134
218,216,213,330,360,354,337,317,292,276,267,257,241,230,220,209,196,184,172,158,142,130,118,107,99
105,102,99,100,102,106,114,130,144,154,164,173,181,187,193,191,185,179,177,179,179,177,175,173,172
130,129,126,123,118,115,118,118,116,116,116,117,122,138,151,157,165,174,177,180,182,189,199,200,195
86,80,79,78,73,69,66,65,67,73,89,109,121,131,139,142,146,146,144,141,140,141,142,142,141
143,144,143,142,139,139,142,150,169,182,194,205,214,213,206,194,178,169,164,159,156,153,147,141,137
102,102,103,105,107,110,119,127,137,149,157,165,177,188,198,208,216,222,229,237,242,247,249,250,250
194,192,191,190,185,175,165,160,161,169,177,192,204,215,226,233,242,247,254,260,267,274,280,288,299
282,279,280,281,278,271,268,264,260,256,249,242,235,228,221,215,208,201,193,187,180,174,168,161,154
174,178,182,184,186,187,193,204,214,221,226,229,223,214,200,181,171,163,154,144,136,125,110,99,87
115,115,118,127,146,159,172,179,181,186,191,197,192,187,182,179,178,177,172,167,162,160,159,157,155
98,97,97,97,98,98,97,95,93,93,97,102,111,124,123,128,146,156,165,175,182,190,199,209,219
233,235,234,234,239,248,255,257,258,260,261,263,264,261,254,250,246,240,227,219,214,208,206,203,197
88,89,87,83,77,70,64,61,65,74,102,120,136,145,149,159,170,180,188,191,197,201,202,201,198
117,118,117,114,110,114,115,114,115,119,133,153,166,181,183,172,166,218,225,238,251,276,290,292,292
68,61,72,76,81,93,104,120,136,152,168,186,193,193,193,178,148,131,121,113,110,108,110,115,117
129,146,166,191,215,235,253,274,293,292,299,301,304,306,299,296,297,301,303,301,300,294,289,283,270
147,143,135,121,110,102,91,82,82,80,80,80,76,73,70,68,66,65,67,67,67,61,52,44,50
356,350,351,354,348,344,336,327,315,301,287,263,248,230,221,215,209,202,194,186,176,163,149,136,125
314,320,327,328,330,335,328,331,353,350,353,344,336,327,317,306,287,272,255,242,240,241,233,225,221
177,198,218,234,249,257,265,271,276,280,290,288,287,281,274,258,249,242,234,227,226,223,221,216,207
218,220,221,221,218,210,210,214,219,230,231,232,229,224,221,216,208,198,195,196,195,191,188,185,178
100,109,116,118,120,123,127,126,130,136,132,132,136,142,146,148,147,147,147,144,140,136,139,141,142
178,178,180,183,186,184,183,181,184,198,208,220,233,246,258,269,278,276,274,271,271,271,269,270,269
158,154,149,139,127,120,127,141,155,168,180,191,201,201,207,209,201,199,192,179,166,153,144,133,131
127,135,130,123,117,118,121,124,126,131,134,132,131,127,125,125,124,120,118,116,111,101,88,83,79
204,209,221,234,246,257,262,268,273,270,266,261,257,252,252,249,233,221,214,209,205,201,196,198,194
136,132,129,126,124,124,120,114,111,112,117,120,124,139,151,162,171,177,184,193,197,206,212,205,204
126,129,131,129,131,131,134,141,151,160,157,154,154,160,175,188,185,183,180,177,177,179,178,176,175
95,95,96,102,115,141,168,188,205,212,209,194,181,164,154,145,136,127,121,117,112,100,90,82,76
134,137,146,161,172,192,206,219,229,241,253,253,264,273,275,275,277,273,267,257,256,248,230,222,218
151,153,149,143,144,153,160,161,169,184,188,198,207,219,222,228,233,238,240,243,241,239,240,245,246
241,244,245,243,238,228,224,218,210,217,221,223,221,217,213,209,205,198,185,180,175,168,157,131,145
131,131,127,124,122,121,118,111,105,101,103,104,102,104,109,113,122,134,133,133,136,149,172,188,197
108,103,110,118,129,143,148,152,156,160,157,157,156,156,155,150,139,125,119,112,105,102,103,111,115
49,51,56,70,93,112,126,132,141,148,154,158,165,175,184,189,184,178,175,173,168,162,158,153,154
109,109,111,113,112,110,108,111,112,112,113,111,107,106,103,102,107,119,131,138,145,147,148,148,153
182,182,188,191,191,191,195,201,210,221,224,215,196,163,151,141,127,114,107,99,92,82,72,63,55
80,74,71,71,66,63,64,65,70,79,105,120,135,136,143,151,151,150,147,149,150,145,122,128,140
155,149,145,142,145,144,138,127,134,133,131,128,125,122,121,120,119,117,115,112,111,109,109,110,110
129,131,128,125,122,117,114,110,120,129,135,148,155,154,148,153,166,174,178,179,173,162,150,148,154
105,137,161,183,204,226,247,267,290,297,304,301,286,262,245,225,197,176,155,149,147,144,145,136,121
153,149,151,152,149,138,127,122,129,139,159,172,173,172,165,155,146,135,126,117,112,119,130,139,153
129,129,127,127,128,129,133,144,156,168,176,186,199,199,205,207,207,210,205,199,194,195,199,200,197
110,109,108,109,118,135,153,167,181,177,182,186,183,185,182,182,190,198,198,194,186,180,179,177,181
110,103,96,95,101,116,137,160,174,186,197,199,207,215,211,201,192,185,181,178,175,173,170,167,150
151,152,175,184,178,177,177,182,188,202,218,224,234,246,257,267,264,259,257,256,258,261,269,279,285
309,313,324,326,322,309,278,255,252,260,269,275,277,274,268,259,250,241,237,238,241,237,219,204,192
67,66,70,81,111,116,126,138,136,131,131,126,118,111,103,92,79,73,62,63,63,65,64,63,64
190,196,192,184,178,175,174,172,164,166,173,191,207,216,222,223,217,211,207,206,198,191,182,180,184
197,189,183,180,184,197,217,227,233,239,240,231,229,223,207,199,194,191,192,194,194,194,192,193,195
105,117,128,138,153,164,176,181,184,190,195,189,188,189,198,212,212,208,200,195,192,189,187,189,194
221,218,214,213,210,204,207,208,202,197,192,187,181,179,173,164,155,146,139,134,129,124,118,116,110
95,100,102,106,117,140,157,169,172,183,196,204,214,224,230,239,240,246,256,259,261,264,267,272,278
89,97,109,118,129,149,166,170,179,177,172,172,170,169,172,186,190,185,176,169,159,152,155,163,177
117,118,119,121,125,127,132,136,143,164,164,173,179,186,193,193,190,182,173,162,156,157,156,155,151
250,250,247,246,239,222,211,207,207,218,224,230,240,242,243,246,248,251,251,245,228,210,196,177,167
155,151,149,147,149,148,163,170,165,159,157,154,155,156,154,150,149,146,141,134,125,121,125,132,136
111,112,114,114,111,107,107,113,122,131,139,145,147,145,144,146,155,163,163,157,153,152,152,156,163
211,222,232,243,254,259,267,274,270,268,264,259,253,254,251,242,233,222,214,209,203,195,186,178,169
87,93,91,81,76,72,65,64,66,71,81,94,114,132,135,150,154,157,150,139,136,129,122,123,116
173,168,164,162,163,164,165,166,177,198,215,223,221,216,206,197,185,181,175,171,170,173,175,176,176
139,135,134,133,130,122,118,113,117,125,144,176,192,202,208,218,217,203,182,181,178,156,151,148,136
277,282,292,286,287,285,283,279,278,278,276,258,230,233,227,233,236,233,228,219,196,204,201,198,189
195,172,161,161,168,178,188,197,203,206,214,227,234,228,220,218,217,214,199,166,144,129,117,108,110
135,133,134,134,131,129,130,129,126,126,129,138,150,153,154,158,159,164,163,162,163,160,156,157,160
141,133,128,128,129,124,107,96,89,90,95,96,93,90,86,85,84,82,84,85,88,93,98,102,110
210,207,207,208,215,234,234,231,226,233,241,241,234,213,182,166,166,167,162,148,135,122,109,96,88
141,154,169,175,173,175,178,179,181,186,190,192,190,186,184,179,172,163,162,163,159,151,147,142,139
115,115,113,114,114,114,109,105,104,109,125,151,162,175,181,180,182,186,196,211,215,214,204,198,197
106,115,125,132,138,132,124,112,90,84,82,86,96,104,107,109,107,105,108,123,134,133,129,131,129
147,141,140,137,131,124,119,118,123,131,144,154,159,157,155,149,144,144,138,122,108,97,87,79,77
163,163,165,164,155,147,143,139,142,150,169,174,177,172,166,168,179,183,186,190,186,185,186,186,187
212,228,235,244,254,261,270,278,281,275,266,256,240,225,214,203,195,190,187,181,175,173,169,158,157
208,218,230,239,247,257,268,270,278,281,277,270,263,261,258,249,245,238,230,221,218,208,192,182,179
155,149,144,142,144,156,161,161,155,145,139,135,137,137,134,132,129,128,128,128,128,125,123,122,125
127,128,130,131,130,128,123,118,119,124,138,154,164,172,175,179,168,157,139,138,144,147,152,156,166
134,152,165,179,180,190,210,226,241,246,254,254,248,240,230,219,214,211,211,212,208,202,199,204,212
339,340,331,322,314,303,290,285,285,282,276,268,264,261,256,248,242,239,242,239,224,223,214,212,212
179,176,176,177,178,180,187,189,188,188,185,175,160,150,145,137,126,117,112,106,99,91,84,75,66
121,122,121,119,119,118,119,119,123,135,149,160,169,182,196,210,225,228,244,252,265,275,276,285,286
107,99,96,96,95,102,108,113,129,143,158,168,176,183,191,194,191,183,179,181,188,194,200,204,209
144,143,143,146,151,153,151,149,149,153,166,176,178,172,166,168,172,178,186,193,193,189,187,185,182
118,117,115,114,116,116,115,114,114,116,120,129,141,157,167,178,185,198,208,217,230,234,238,233,232
84,83,82,84,85,87,95,107,107,111,117,119,119,114,117,121,123,126,129,134,140,146,147,144,142
192,190,187,266,266,266,269,265,264,257,219,201,182,168,155,148,137,126,119,114,107,101,102,104,104
127,130,141,151,161,172,186,191,201,206,211,207,201,196,193,191,187,190,190,191,193,191,185,180,185
265,260,253,246,246,251,249,242,236,216,197,191,176,196,201,199,204,203,208,214,221,221,226,228,232
156,153,145,144,151,157,162,166,169,174,187,191,188,179,166,147,132,117,104,92,81,72,64,54,44
40,40,40,40,40,40,40,63,103,124,141,160,173,187,201,212,220,229,235,240,244,245,238,238,244
260,249,246,253,253,241,247,256,260,261,255,243,228,215,209,199,186,178,171,166,160,154,150,145,143
78,68,61,63,59,54,52,52,58,73,81,84,90,107,127,166,191,204,215,227,236,243,253,267,271
188,193,195,195,197,196,200,201,203,209,218,226,234,241,241,239,237,234,233,231,228,226,224,222,221
195,199,202,204,207,203,203,203,203,203,199,191,182,179,181,181,183,183,182,179,176,171,166,168,170
116,126,137,147,160,172,177,182,178,177,170,171,173,173,175,171,171,171,171,172,170,164,159,156,147
133,129,122,122,130,136,134,132,130,128,127,135,153,166,173,171,176,182,190,203,203,212,221,232,258
211,204,185,178,173,166,165,160,158,161,162,167,182,216,237,242,237,227,216,200,183,165,151,134,121
92,93,95,100,114,165,185,210,244,252,246,234,230,219,213,202,184,171,166,164,163,163,159,154,153
204,216,218,222,221,216,209,199,192,188,183,177,177,172,165,156,147,140,140,135,118,116,113,107,95
120,139,160,179,210,257,259,246,253,244,241,261,257,270,281,276,268,255,243,235,222,211,195,156,139
48,52,62,63,70,89,91,92,96,103,114,131,143,156,140,132,132,137,143,161,171,177,173,163,153
132,139,143,151,172,197,206,215,220,222,218,239,248,262,274,267,257,241,236,228,222,210,183,166,154
236,245,255,260,267,314,332,326,320,316,317,319,326,337,340,343,336,328,315,291,281,282,277,272,263
162,175,177,174,166,153,154,158,162,159,148,137,132,131,132,131,126,123,122,126,130,132,131,130,131
148,149,150,149,146,145,145,144,143,145,154,169,181,190,200,211,224,237,248,257,267,277,288,295,305
131,124,119,111,105,110,119,130,146,157,168,170,169,167,163,158,149,139,136,139,147,151,154,154,152
243,248,253,262,271,275,272,262,252,242,233,224,208,192,172,153,144,138,132,127,122,119,117,117,120
145,147,148,151,159,157,155,153,151,150,149,144,136,133,131,130,128,125,123,119,113,109,105,98,90
123,124,125,131,136,138,141,149,164,172,176,175,170,166,164,164,164,162,157,148,147,142,140,137,131
297,296,294,294,289,272,254,250,241,233,224,216,209,203,198,192,188,184,178,170,158,156,148,137,128
139,147,156,164,173,183,197,209,216,225,235,244,246,250,241,231,219,210,205,197,191,188,185,185,187
225,233,243,247,253,262,277,289,304,317,326,326,328,320,315,309,302,294,283,259,244,241,235,230,230
233,232,234,235,236,237,239,239,235,225,213,207,201,185,184,179,175,168,154,136,130,121,113,106,100
142,141,143,148,150,149,154,173,189,196,203,214,225,224,227,217,207,190,181,174,167,160,154,147,142
209,193,199,202,194,186,166,144,133,124,129,134,138,142,140,135,134,131,129,129,129,132,136,141,146
95,97,101,105,110,112,115,119,126,140,154,163,170,172,171,167,167,171,178,179,177,178,182,188,193
103,103,102,102,100,99,100,99,99,103,121,148,161,177,196,209,216,228,233,237,235,232,229,225,222
67,58,57,54,56,64,78,100,115,130,136,137,146,160,161,167,171,170,169,165,160,153,149,147,147
191,198,205,212,216,222,229,229,234,240,238,241,247,247,243,237,230,217,207,203,198,192,183,173,170
165,149,138,138,130,120,113,107,105,110,118,120,122,122,123,134,148,155,161,167,171,170,168,170,170
207,204,203,202,200,195,194,194,192,191,192,196,199,197,194,190,189,192,195,194,189,177,167,161,154
220,230,244,240,249,257,270,293,285,279,275,282,271,268,273,273,268,260,247,246,245,238,232,224,215
174,171,167,163,155,154,149,173,186,186,183,173,169,159,146,138,131,123,116,118,114,109,103,95,89
265,276,288,293,295,297,300,304,308,305,292,267,245,239,223,205,193,178,179,167,155,138,128,114,103
109,106,98,105,103,103,105,103,100,98,100,112,149,155,169,192,211,204,215,240,242,256,250,232,227
200,200,237,231,218,196,184,163,143,125,116,107,106,108,110,110,108,107,108,110,113,120,142,138,131
97,103,109,117,127,134,139,145,149,151,156,161,170,179,186,194,198,202,205,207,210,214,214,214,213
162,158,153,148,143,139,136,133,130,130,133,136,137,141,146,152,155,158,159,160,159,157,154,150,145
185,185,184,184,208,208,210,221,225,222,215,206,202,196,193,187,178,170,163,156,149,144,139,135,134
149,144,139,135,134,145,150,151,154,157,161,163,163,159,148,128,121,111,102,94,86,76,69,65,63
116,117,123,135,143,151,156,156,158,159,158,160,163,167,173,177,178,176,172,168,163,159,156,153,152
273,273,272,268,256,245,234,225,211,176,168,171,183,186,185,183,180,170,162,156,147,140,132,126,120
111,109,107,103,97,92,91,91,93,91,89,86,86,90,96,100,100,97,94,91,90,89,90,90,92
354,359,362,358,359,363,361,349,339,335,337,331,316,305,291,274,247,228,221,213,206,200,198,186,167
171,170,171,176,193,204,212,220,227,219,212,209,209,215,221,223,221,217,210,202,193,185,177,168,159
137,135,133,132,135,142,154,165,181,191,204,219,224,236,240,245,251,253,263,270,280,279,270,267,270
126,118,103,105,111,105,98,90,86,92,97,110,127,121,121,117,114,116,118,121,123,128,131,130,128
177,179,182,184,186,187,191,192,195,196,194,191,185,179,174,171,173,175,179,182,188,193,198,195,193
181,176,176,176,174,172,170,165,160,158,154,147,141,136,129,123,118,114,107,95,86,79,74,72,72
166,178,187,195,200,204,199,197,200,209,220,224,219,209,199,189,181,174,166,157,149,143,136,136,134
128,121,119,113,116,120,121,119,109,118,155,158,164,168,186,194,217,229,211,201,208,219,231,236,246
333,344,352,348,333,335,321,306,307,316,319,320,312,295,300,300,297,292,281,270,261,250,197,188,174
242,249,254,258,265,273,278,284,286,285,283,278,271,264,255,245,228,214,202,188,170,158,148,138,127
84,85,85,86,106,114,113,118,132,146,155,151,155,148,145,153,153,144,138,139,136,133,132,127,127
150,136,135,134,136,134,136,137,131,131,127,120,123,131,145,160,169,178,185,188,188,196,187,180,185
138,155,175,192,211,226,239,208,213,215,213,203,187,169,152,136,124,113,101,93,81,72,78,78,71
95,102,106,110,117,117,112,115,128,139,142,134,144,149,147,146,143,134,123,106,114,119,115,108,101
107,99,101,97,85,96,98,105,110,108,93,83,85,92,92,87,83,83,82,84,86,97,97,88,87
130,144,159,182,183,171,165,166,171,177,170,162,160,152,143,138,135,131,125,118,114,106,105,106,104
164,162,157,153,149,145,144,144,141,133,130,129,127,128,129,132,138,158,172,185,195,201,211,227,239
47,56,81,100,110,118,130,146,162,176,193,212,216,218,228,233,234,230,223,213,202,192,185,177,174
276,289,288,290,284,274,272,268,260,242,226,220,209,198,184,167,146,129,125,128,132,132,130,124,123
211,227,231,244,253,265,279,282,289,284,277,271,256,241,228,210,193,174,149,146,128,106,93,81,69
190,197,201,198,193,185,162,156,146,134,121,109,98,88,78,75,66,55,52,43,51,52,53,64,73
201,210,222,241,250,267,285,290,294,298,304,311,307,304,299,294,284,272,262,252,243,235,227,221,214
149,139,133,135,139,148,160,166,174,186,201,208,208,202,189,175,161,151,141,135,129,126,128,132,136
99,104,112,118,124,128,122,123,133,150,161,173,192,204,217,216,211,206,197,191,190,186,177,170,163
116,115,113,113,111,106,100,101,100,104,111,116,126,138,148,150,157,170,180,192,198,208,221,220,221
54,72,91,116,145,169,184,190,200,210,217,223,221,215,214,216,218,221,219,207,202,200,195,190,187
228,236,244,250,242,235,234,238,243,242,238,236,236,236,229,208,204,202,193,176,183,187,189,191,188
77,77,82,102,121,133,142,155,170,174,187,187,177,165,143,128,127,124,124,126,128,129,130,129,130
111,110,111,114,117,124,141,160,165,175,188,205,215,218,208,203,211,209,203,197,191,195,203,205,199
232,234,226,217,223,256,252,243,238,237,231,227,220,202,190,179,167,153,146,134,122,115,107,103,96
210,221,242,243,251,258,255,255,253,248,236,218,203,186,171,158,152,142,133,126,121,116,111,107,103
116,120,126,142,150,161,187,224,241,242,234,231,225,207,186,173,157,143,130,118,110,100,90,82,75
142,147,146,145,143,140,138,138,136,137,132,129,121,113,125,135,135,120,116,107,101,97,93,85,88
92,94,92,102,107,105,110,118,131,131,129,130,132,133,134,138,139,139,141,155,159,156,152,149,146
152,152,158,171,168,161,152,139,132,122,117,120,126,130,128,119,104,89,79,80,86,98,121,152,161
175,194,227,237,231,234,234,233,229,218,209,203,196,187,187,181,178,174,173,180,181,177,173,163,167
131,136,133,132,125,120,112,109,112,117,118,118,121,133,147,157,166,159,155,157,159,165,169,168,177
120,121,127,138,152,168,159,155,162,174,183,197,193,178,169,156,145,138,129,117,107,98,92,84,73
86,88,89,88,88,89,90,91,90,89,87,85,83,82,82,85,89,96,103,109,108,111,115,119,122
128,128,127,127,126,125,126,128,135,146,156,163,167,170,173,178,186,192,192,193,195,201,209,213,215
176,172,170,168,169,171,175,179,178,174,166,150,136,133,128,127,129,130,132,134,135,135,135,134,135
131,133,132,130,132,136,150,155,154,154,159,162,167,172,173,175,178,181,181,181,179,176,171,163,156
109,107,104,100,96,91,89,89,90,92,96,104,112,118,124,129,134,138,142,146,150,155,161,166,168
186,179,172,166,159,153,149,144,143,148,152,154,154,152,147,143,141,140,142,145,150,153,155,157,160
85,78,73,68,65,61,59,57,57,61,63,65,70,77,82,90,96,98,102,105,108,110,108,110,113
225,226,234,243,251,258,261,262,262,260,259,259,258,256,256,258,260,261,262,261,261,262,263,266,266
258,252,252,257,259,260,257,251,244,240,237,236,234,233,230,224,221,219,216,209,198,185,174,164,155
118,117,116,117,120,125,132,139,144,147,154,166,171,176,181,186,196,205,211,220,231,233,244,250,258
282,282,281,283,287,292,295,295,293,288,282,273,265,256,254,250,243,236,230,222,214,209,200,193,187
113,109,104,101,102,101,99,97,98,104,114,120,123,123,119,115,115,117,120,125,130,134,136,140,145
274,275,273,272,268,263,256,247,245,241,237,238,234,230,222,218,215,210,202,194,191,186,189,191,187
79,79,81,86,93,100,99,98,98,100,105,114,125,135,145,152,157,162,163,162,162,162,160,159,157
80,81,85,91,96,102,105,108,114,123,137,144,151,158,157,155,148,143,138,134,131,129,128,124,120
302,297,293,287,267,267,261,256,247,242,234,229,224,219,212,204,198,194,198,198,193,182,173,166,161
156,151,153,161,162,165,166,164,166,172,176,189,201,216,229,229,231,226,220,220,225,226,232,232,232
40,40,40,46,62,77,90,86,94,111,129,134,148,160,165,171,164,165,162,148,137,122,125,124,112
96,97,94,96,94,92,95,107,143,145,157,167,172,175,174,176,183,185,179,171,160,152,148,143,134
217,222,225,237,251,302,315,316,319,322,324,326,328,319,317,318,316,316,313,300,285,274,263,249,230
101,103,103,101,106,107,107,108,107,107,108,115,116,119,134,143,146,139,142,154,148,146,158,159,149
268,270,272,272,271,267,267,271,273,272,252,249,248,244,236,224,207,198,183,153,156,160,160,158,156
81,82,85,82,80,79,77,86,103,113,106,101,97,91,90,86,87,92,93,96,102,101,97,81,79
63,68,70,81,80,76,77,86,96,98,92,83,74,69,67,62,64,66,68,69,68,67,69,69,65
179,181,168,126,123,111,94,80,80,84,86,90,95,95,86,78,79,94,105,128,137,136,136,135,134
125,123,119,110,87,70,93,109,120,123,123,124,122,118,119,128,147,149,149,143,131,116,117,112,121
262,269,268,272,269,262,262,261,249,225,209,193,180,172,174,167,155,141,133,135,127,116,103,88,78
150,147,140,128,112,101,89,79,70,65,71,81,94,113,126,133,140,139,139,133,127,120,120,120,118
85,77,70,65,60,56,54,55,56,52,53,52,48,52,51,47,50,53,58,62,65,67,69,71,79
40,40,44,49,58,63,61,70,70,69,73,72,76,83,85,89,93,101,108,115,119,118,116,120,121
228,224,228,232,238,246,258,269,266,259,251,237,225,218,210,207,218,224,232,231,226,218,213,209,204
130,126,130,131,139,148,148,145,140,126,119,115,112,107,106,104,103,103,104,102,96,93,90,90,90
107,102,100,99,101,110,143,150,160,162,156,144,137,138,138,134,127,121,122,120,117,115,112,112,108
126,134,146,163,170,178,185,168,158,160,166,176,168,163,162,160,154,145,139,131,123,115,107,104,105
158,170,181,169,163,166,167,164,185,195,194,191,185,175,156,154,150,151,142,141,139,143,146,161,167
81,79,79,81,82,81,79,75,71,69,69,69,70,85,93,95,94,100,102,104,108,111,111,109,110
181,178,182,187,191,195,183,176,174,168,164,160,155,138,133,128,123,117,104,93,84,77,73,72,82
207,216,227,241,256,266,267,268,258,250,246,243,242,237,221,209,199,191,183,174,168,162,159,156,152
124,123,122,120,116,113,113,116,117,116,125,135,141,148,155,160,167,173,179,184,187,191,197,204,209
98,105,112,122,133,144,153,158,163,165,161,159,156,154,153,151,150,158,177,189,186,175,154,137,125
262,259,256,255,257,259,264,281,308,312,309,309,297,280,267,259,252,245,240,235,234,241,246,247,247
230,236,239,232,230,229,228,223,211,201,192,185,178,168,151,141,132,125,118,110,101,94,92,97,94
133,134,135,136,136,137,138,138,140,140,140,148,162,179,193,202,210,220,227,232,238,246,252,256,259
191,184,176,164,155,145,138,128,118,113,107,104,105,105,102,99,98,96,95,96,97,101,105,108,110
204,210,229,241,252,263,274,281,284,288,291,294,296,291,284,271,258,248,236,225,214,205,198,192,185
205,214,225,244,250,257,264,272,277,283,290,286,280,272,257,242,229,218,207,200,190,179,170,161,150
69,73,80,101,107,105,113,117,120,123,130,136,137,138,140,148,156,165,158,152,148,143,140,137,132
233,236,242,253,261,267,277,275,276,276,283,286,286,288,286,283,276,264,253,244,233,221,208,197,189
140,147,154,170,187,217,220,221,228,232,232,234,232,228,222,213,203,198,194,192,193,193,192,191,188
177,189,199,211,229,255,268,266,273,267,259,248,236,222,202,187,171,170,157,147,145,137,139,137,131
84,83,84,84,84,83,81,80,84,91,93,87,84,84,96,119,135,143,159,188,190,178,171,168,173
108,108,112,120,132,145,157,167,176,178,184,191,203,210,215,221,220,216,213,211,213,213,213,212,210
173,171,170,167,173,175,169,163,156,152,148,144,140,136,134,133,131,128,128,127,124,122,120,117,114
153,157,164,167,178,184,177,173,168,164,161,155,147,138,130,124,119,114,114,109,99,92,98,106,101
84,82,81,82,90,113,115,118,118,117,116,115,121,138,136,141,146,160,191,198,199,196,192,185,163
122,116,109,99,102,102,101,101,102,106,111,121,129,127,129,126,122,120,125,127,127,125,115,103,93
55,76,86,101,100,99,98,98,99,99,97,95,96,95,87,75,68,75,78,85,92,101,107,114,120
100,100,102,104,107,108,111,114,117,114,113,118,124,122,124,127,133,142,158,169,176,175,168,162,158
155,156,163,162,159,158,161,162,169,185,183,182,180,178,181,175,167,163,165,161,159,158,156,154,149
40,40,42,50,62,74,76,79,85,86,85,81,76,67,59,49,41,40,40,40,40,40,40,40,42
187,196,205,224,260,262,254,233,228,228,229,231,233,237,237,234,242,247,250,256,250,234,213,201,192
148,140,115,102,97,97,93,96,100,100,102,111,130,132,137,130,128,130,126,124,121,114,111,111,106
145,142,138,144,145,145,142,130,106,95,103,115,119,135,144,172,177,187,200,206,221,219,222,239,240
118,112,107,106,108,113,125,128,136,147,165,164,165,154,146,144,146,159,170,181,183,180,175,169,161
84,86,99,110,112,120,121,110,103,102,102,99,100,110,121,137,176,205,210,218,215,213,213,211,207
238,215,194,181,168,152,133,119,96,75,61,67,76,74,73,73,75,76,76,74,67,67,61,47,40
245,244,247,260,268,288,283,288,292,298,300,301,301,297,296,286,276,264,254,244,233,225,234,235,223
166,178,200,208,222,222,229,237,233,229,225,224,222,220,216,210,206,200,194,197,203,206,207,203,192
128,131,129,126,125,131,138,142,150,168,182,194,207,217,219,223,220,215,212,207,201,202,199,189,181
115,114,111,107,102,93,81,84,92,110,135,139,149,160,170,170,177,184,196,202,201,196,193,192,195
155,152,150,152,156,157,162,176,187,195,201,193,183,172,158,150,148,143,140,139,138,134,128,123,119
219,228,236,243,248,256,254,249,240,234,230,227,223,217,211,205,200,196,192,190,186,181,176,170,164
85,89,96,103,111,116,119,123,131,142,157,174,179,188,198,210,215,226,242,252,258,259,249,243,247
113,114,116,114,107,107,110,113,117,123,133,144,147,146,136,133,134,132,139,140,143,150,165,178,197
289,274,264,259,261,260,249,237,233,233,244,252,254,254,251,247,240,232,224,215,208,199,191,183,176
133,128,123,121,119,116,111,109,107,107,105,104,106,107,107,107,106,105,105,107,111,116,119,118,114
165,157,147,141,134,130,124,113,103,102,107,118,113,102,84,90,95,90,94,109,119,114,121,132,135
184,185,185,184,182,180,180,181,183,183,181,177,174,175,179,179,177,171,161,152,147,145,143,141,137
129,140,141,130,130,131,147,146,140,136,139,140,144,146,136,137,136,133,138,136,127,124,126,125,122
116,112,112,107,109,109,114,119,121,120,112,81,95,110,106,112,119,128,140,154,224,216,187,177,173
188,191,195,196,196,196,196,196,198,198,195,190,184,179,176,173,171,171,170,168,170,173,172,166,160
162,156,143,126,118,114,110,120,133,142,150,160,166,169,170,170,163,152,142,135,131,130,127,121,113
157,171,187,196,173,167,168,154,139,133,172,207,232,233,256,273,283,288,288,284,280,273,246,223,204
206,201,196,201,209,206,201,189,181,170,162,148,150,146,134,125,119,115,114,113,115,112,111,112,112
155,155,158,158,152,147,139,128,118,107,102,101,109,126,123,104,81,91,92,83,73,58,45,40,40
57,58,51,45,40,40,40,40,40,44,56,55,56,57,58,67,94,93,97,98,92,91,91,95,108
63,59,54,53,54,84,98,175,204,219,227,224,217,216,220,219,219,215,205,192,184,181,174,166,159
338,337,335,330,320,308,296,283,265,263,255,251,246,232,230,220,207,202,193,183,172,160,147,133,123
149,148,148,147,147,152,164,165,171,178,184,190,192,192,190,191,194,200,204,200,194,190,185,186,189
185,185,185,184,185,186,187,186,184,182,181,183,185,184,179,172,166,163,162,161,162,165,168,172,177
203,201,201,199,192,192,192,195,198,197,193,186,179,174,168,164,160,159,159,160,164,167,168,166,166
216,218,220,224,224,225,229,236,241,246,247,246,243,237,232,223,216,211,210,212,212,209,206,207,205
154,154,154,155,154,152,151,149,148,147,145,139,127,119,114,112,113,117,120,123,122,120,123,136,151
170,166,159,145,134,128,126,130,137,143,151,164,175,194,208,213,221,219,215,214,212,212,208,200,191
101,100,97,96,98,102,105,109,110,111,110,110,116,132,145,152,157,160,161,161,156,150,145,140,140
122,128,136,143,151,157,166,177,192,198,202,205,198,192,190,193,197,199,202,204,205,208,210,211,211
180,183,184,181,173,161,153,148,149,149,144,140,140,144,148,155,165,176,183,190,194,200,204,190,184
168,191,217,234,250,262,270,277,281,282,280,274,268,262,255,249,243,237,232,227,223,218,212,205,196
129,133,134,134,134,136,142,154,167,178,190,198,207,215,222,229,233,232,231,233,238,237,233,225,214
114,114,113,113,127,134,139,147,157,164,170,172,168,169,176,186,191,190,183,176,170,167,167,166,160
111,112,112,112,111,112,117,133,157,172,184,194,203,209,215,220,221,217,215,212,208,206,203,200,198
92,93,89,87,84,81,81,79,77,79,82,89,96,100,104,106,108,111,115,115,120,127,130,132,128
86,88,95,113,128,154,171,178,181,184,178,179,178,176,173,169,171,171,169,168,164,163,165,161,160
164,167,170,172,175,176,176,178,184,197,210,215,217,220,224,231,236,233,229,227,226,225,224,221,217
232,228,229,233,239,247,250,252,252,253,257,262,265,261,253,238,229,224,221,222,218,216,217,216,212
130,129,128,131,133,132,129,128,129,133,150,179,195,197,206,212,222,229,240,248,258,265,271,271,273
111,109,112,110,97,90,99,104,107,116,133,146,162,169,170,164,153,135,122,115,108,101,96,92,84
79,85,82,80,80,78,80,82,84,90,102,119,134,147,155,163,169,177,191,203,206,213,211,204,195
123,117,110,107,109,119,146,151,157,181,173,167,170,173,174,171,167,165,167,167,165,157,149,145,138
106,107,100,92,87,85,86,90,94,97,96,94,95,103,121,132,139,146,151,157,149,142,136,135,137
133,130,129,129,129,128,131,140,144,146,149,145,139,128,120,117,113,109,106,105,106,108,110,113,117
186,188,189,191,195,198,207,210,209,212,212,211,207,204,201,198,193,188,185,189,194,198,200,206,207
164,162,160,156,154,152,153,157,164,176,184,187,185,178,171,161,151,146,141,138,136,134,131,126,123
118,118,116,114,111,108,105,104,105,107,110,112,112,113,111,111,112,117,126,127,126,125,123,128,137
175,171,172,173,176,180,181,177,169,157,148,144,141,142,142,142,142,142,143,144,145,145,142,141,141
142,142,138,131,128,129,133,137,138,136,133,126,115,106,104,100,100,99,99,100,100,100,101,102,104
100,98,99,102,104,104,103,104,111,129,151,171,185,192,195,202,205,207,210,215,224,226,229,233,235
75,69,62,53,50,45,40,40,45,54,79,92,102,114,130,141,154,165,173,180,182,180,172,164,152
130,122,112,103,99,97,99,105,113,131,142,153,168,179,188,194,199,199,196,191,187,179,178,179,180
96,98,97,93,96,103,115,131,165,191,203,202,199,197,199,201,206,208,214,217,220,218,214,203,192
169,170,173,173,175,172,161,157,155,156,160,164,165,166,166,167,171,179,186,189,184,176,161,147,141
176,177,169,161,162,165,163,154,148,144,145,151,154,149,145,140,133,116,105,108,116,114,115,120,115
107,118,132,152,151,162,173,175,177,171,156,161,187,192,197,203,206,207,209,208,205,199,201,204,205
65,63,64,69,83,100,109,119,129,152,162,163,170,176,177,178,177,173,168,161,156,157,157,152,147
106,104,101,96,92,89,88,94,112,132,144,153,157,161,164,166,165,160,151,138,130,130,136,143,146
127,122,117,116,117,126,146,160,180,174,182,185,184,188,196,196,193,193,189,181,182,180,178,174,160
127,131,139,148,163,190,199,194,179,163,157,149,147,158,172,182,193,201,187,195,197,202,199,193,187
144,141,148,148,145,147,158,164,166,161,158,153,142,143,144,143,143,139,136,129,125,124,128,129,121
155,157,155,148,146,149,150,145,142,140,140,143,156,163,174,185,189,191,199,208,223,252,272,292,304
153,142,111,98,92,78,91,125,128,124,118,116,110,102,96,91,84,80,81,80,82,82,83,86,95
120,125,128,130,130,128,126,123,120,118,118,117,108,107,109,121,160,179,193,206,211,219,229,235,242
239,241,242,248,257,255,250,241,234,232,232,228,224,227,228,227,223,216,215,213,214,211,208,211,208
125,123,119,108,123,174,183,182,178,173,159,163,166,171,175,173,175,174,179,181,187,186,189,198,210
124,125,125,135,157,157,157,157,158,161,160,162,165,164,159,160,162,161,161,160,162,169,167,161,157
178,174,164,181,195,194,191,187,185,174,158,149,144,145,145,138,137,131,126,124,121,119,120,124,126
254,239,249,259,266,268,267,264,242,209,172,176,171,150,136,125,113,95,63,47,40,40,40,40,40
116,115,114,113,108,102,100,101,119,124,129,123,113,113,114,121,141,159,144,132,127,124,126,131,139
219,218,214,210,209,209,211,209,204,197,191,182,175,170,168,161,148,135,125,118,111,105,99,94,88
108,108,110,111,111,107,104,103,104,109,121,133,143,160,167,175,180,189,194,195,200,212,226,234,239
211,218,233,228,229,229,231,233,234,235,234,231,226,216,204,186,187,180,174,168,162,158,152,144,149
122,121,123,125,129,133,142,158,174,181,186,188,194,199,202,203,201,199,198,198,198,197,197,197,196
222,219,215,209,204,202,203,204,200,190,179,172,166,157,148,149,145,142,136,132,133,132,131,127,119
91,104,116,130,142,154,158,179,184,187,186,182,177,166,153,145,139,132,128,134,133,122,112,107,107
85,89,92,98,113,118,126,133,143,153,154,158,154,149,152,151,152,156,156,154,152,152,153,155,159
210,218,230,238,247,261,267,262,256,250,249,249,249,252,253,255,251,232,218,205,191,193,189,182,174
142,134,131,125,121,117,112,111,116,123,137,150,161,169,163,158,154,148,149,145,143,146,150,150,144
51,54,57,59,61,67,87,93,104,116,127,135,141,147,150,149,146,146,152,157,159,154,147,142,141
131,135,136,134,133,126,125,125,127,129,132,143,152,157,160,161,159,160,157,148,141,135,130,130,128
90,87,89,91,94,95,100,116,112,108,108,112,114,120,122,133,139,145,150,158,167,177,188,195,201
101,106,107,104,106,122,146,159,167,169,180,205,205,211,221,215,211,204,181,193,204,226,223,215,211
110,106,105,111,139,145,150,157,174,176,179,176,169,170,169,166,156,155,155,152,152,141,152,144,145
129,133,139,150,147,142,146,151,146,139,132,128,140,170,169,174,184,195,203,211,225,250,258,268,276
101,101,93,88,83,73,88,96,104,110,115,114,115,117,119,128,131,135,136,132,126,126,127,126,128
232,234,241,240,253,266,267,266,263,258,252,235,220,208,191,174,164,151,149,137,134,128,119,105,91
231,240,252,260,268,262,252,248,251,256,265,272,271,259,260,256,247,243,239,235,229,225,221,219,212
143,145,144,154,176,183,183,182,179,173,173,171,156,141,131,127,122,115,116,110,105,100,94,86,72
164,170,168,157,149,144,143,151,151,153,164,175,171,168,163,161,160,172,178,173,167,162,157,151,147
133,128,122,121,120,121,121,118,113,106,119,155,184,195,199,199,193,191,193,197,198,198,189,177,157
351,344,340,342,342,341,345,361,355,344,310,290,275,260,248,231,210,193,175,159,148,134,120,106,90
105,115,112,137,153,172,186,196,208,200,186,176,163,156,149,142,134,128,124,120,117,115,112,110,115
160,159,159,158,156,151,161,164,154,145,140,136,143,150,155,162,162,161,163,161,159,156,146,144,142
140,135,130,124,118,112,115,120,128,141,154,156,153,146,145,149,159,170,167,168,174,177,179,174,168
171,172,168,161,161,168,170,169,165,157,149,144,141,141,140,140,141,143,142,140,138,133,128,127,131
310,313,316,317,313,310,305,301,290,289,286,274,268,265,261,254,243,230,218,214,206,199,189,179,170
193,198,197,201,204,211,221,223,227,232,242,254,260,265,268,262,255,243,225,212,205,196,186,180,170
104,101,97,94,96,98,99,98,98,102,106,115,127,126,127,128,125,128,137,139,138,131,122,111,106
159,177,177,183,179,175,178,183,184,183,179,176,172,166,165,163,158,155,151,150,154,157,157,155,152
118,118,119,118,116,114,116,122,142,149,153,158,162,166,170,171,169,171,174,177,181,187,197,206,212
159,148,140,133,124,113,101,89,81,78,76,79,83,87,91,99,105,104,104,103,108,120,122,127,132
143,147,148,145,144,146,147,149,149,149,150,149,146,143,137,130,122,118,116,117,116,114,111,109,108
209,202,196,196,200,199,196,196,194,196,202,212,225,236,243,248,250,245,244,246,249,248,241,236,227
154,145,131,119,113,107,101,93,89,77,79,76,79,82,82,85,86,91,96,104,117,120,117,113,106
243,246,248,250,252,255,253,249,244,234,217,206,197,188,181,175,171,168,167,165,161,158,155,155,153
239,246,245,254,254,258,262,263,264,260,262,261,260,255,252,246,244,242,235,228,219,206,198,193,183
89,106,118,133,135,138,139,150,161,176,186,192,196,200,202,197,193,207,207,209,209,211,212,214,216
195,194,186,170,170,172,172,168,164,154,146,138,142,139,128,118,107,97,88,80,72,67,61,57,53
108,107,109,127,122,115,107,102,102,103,105,107,105,102,100,100,101,101,101,99,99,99,99,98,97
172,167,167,170,177,177,183,191,204,213,206,200,187,185,192,201,215,210,201,190,191,196,195,186,180
190,186,186,190,188,187,185,179,171,166,163,160,159,158,158,157,155,151,153,155,156,156,152,152,151
228,228,225,221,218,213,208,201,194,186,181,178,177,171,157,155,152,154,155,157,160,159,154,144,130
123,127,134,147,159,168,171,173,172,177,185,191,189,180,170,153,146,137,127,117,107,105,97,89,79
242,231,223,220,219,221,225,224,213,204,197,197,206,207,205,202,197,189,178,174,168,163,157,151,146
115,114,117,121,128,137,151,156,161,163,166,171,171,170,167,164,157,143,137,134,134,134,137,137,133
217,228,237,236,233,224,217,212,208,208,207,203,197,186,173,167,158,154,160,161,160,154,145,136,130
205,215,232,252,276,287,290,296,303,295,287,273,257,251,243,236,226,222,219,215,206,197,187,177,166
363,369,360,351,357,358,350,343,332,323,314,302,275,271,261,254,245,233,243,258,259,242,231,216,206
113,112,113,116,121,130,142,153,172,192,202,218,228,239,244,246,242,235,228,218,208,198,186,175,164
84,109,126,153,174,189,209,211,215,221,233,240,245,244,236,233,229,217,204,199,195,200,201,194,183
95,93,91,91,88,85,86,84,84,87,96,117,139,155,156,167,176,171,171,170,171,174,176,180,184
115,114,112,110,109,106,106,107,106,109,120,142,158,163,162,156,148,141,133,127,125,121,119,116,110
194,213,232,249,262,279,278,285,281,271,265,264,265,262,255,245,236,230,224,216,207,201,195,192,193
188,179,170,164,164,162,159,154,150,155,160,167,180,189,189,186,177,169,155,142,138,135,140,148,153
147,157,175,167,162,159,161,163,159,157,157,156,150,144,149,150,144,134,144,144,139,135,135,137,143
308,296,285,270,280,289,290,280,264,251,238,224,220,208,202,200,194,184,174,164,148,102,88,78,65
102,105,104,103,100,93,80,69,63,68,73,77,78,74,73,77,85,90,95,98,100,98,96,96,98
94,97,99,98,96,94,95,95,97,98,101,109,116,119,121,122,124,121,122,137,147,154,159,164,169
187,190,193,198,197,193,188,179,173,169,168,167,164,164,163,159,152,144,140,141,147,151,150,147,143
129,131,134,138,140,142,142,143,147,153,150,151,164,170,189,197,189,188,197,200,184,190,193,192,191
206,218,232,243,254,263,274,278,280,280,276,270,261,251,242,239,242,243,239,234,229,227,227,227,226
239,244,242,247,254,262,264,259,254,250,250,254,257,256,253,246,235,225,215,205,195,184,173,161,148
187,183,179,178,176,169,158,156,148,142,142,145,152,156,155,157,156,151,135,124,120,125,127,128,130
232,236,243,250,255,260,259,257,262,263,264,261,258,255,249,238,229,224,219,217,215,210,206,201,193
161,167,168,164,148,146,139,135,130,127,130,131,129,124,118,113,109,107,104,101,99,98,98,99,99
102,100,96,95,97,100,101,103,113,134,156,173,185,201,212,217,227,239,247,250,253,257,261,270,277
274,272,270,265,260,259,264,267,266,265,264,262,261,259,262,268,270,268,265,256,256,252,242,236,227
239,238,235,232,224,214,203,200,195,195,200,202,202,196,182,180,184,185,186,188,194,194,192,188,191
250,244,243,247,253,257,260,257,255,253,247,235,235,236,237,236,227,222,222,224,223,218,206,197,191
187,202,213,228,247,256,257,265,272,281,288,293,285,281,276,274,272,268,268,263,246,246,240,237,227
176,172,161,160,154,142,147,149,140,151,159,167,180,192,198,200,205,208,208,215,224,222,223,223,223
69,68,67,69,75,87,99,100,107,129,133,146,151,151,155,155,156,155,153,152,155,158,165,181,179
244,259,255,257,255,230,230,227,213,204,204,200,194,189,185,172,159,144,133,125,120,123,124,117,106
320,316,321,316,314,312,302,297,293,288,289,288,286,284,281,278,273,257,234,213,204,196,186,180,174
105,99,97,89,83,84,91,100,105,113,125,150,163,163,167,165,159,156,153,150,146,142,134,130,121
58,57,64,74,78,90,102,151,188,227,235,259,277,260,246,237,234,234,233,239,250,249,245,239,240
108,110,112,112,117,117,115,118,114,113,115,114,114,115,115,114,114,112,114,117,115,114,117,120,123
182,181,179,178,179,180,205,216,213,209,204,198,191,184,181,175,168,161,152,148,140,134,128,124,122
106,104,105,106,105,106,110,123,150,156,171,184,193,202,208,201,193,185,172,163,159,154,155,154,151
98,91,84,79,76,75,75,76,75,73,70,69,70,71,69,68,64,62,63,64,65,65,70,86,105
231,232,234,238,247,260,269,271,263,255,244,219,211,203,195,190,189,191,189,182,174,167,163,163,162
244,246,248,253,257,258,262,266,265,261,255,245,232,223,214,205,198,195,191,190,184,165,154,146,140
63,64,65,69,83,102,126,147,166,185,189,194,195,182,163,137,116,104,92,86,77,69,65,61,56
115,111,104,99,98,97,100,104,113,129,141,148,150,154,160,157,159,160,162,161,161,157,151,139,124
91,94,108,126,151,156,168,178,188,197,205,203,204,194,179,174,168,165,165,164,162,160,159,157,155
190,189,189,193,194,188,179,169,160,151,144,135,126,119,111,103,95,90,68,61,57,53,50,50,49
180,187,189,185,182,179,179,178,179,178,175,172,165,162,158,152,145,140,137,137,134,133,128,121,126
131,134,144,154,162,170,181,182,191,200,207,216,234,232,233,235,232,229,222,205,201,190,176,167,159
132,140,153,162,173,187,215,234,251,257,271,280,281,280,276,272,264,255,245,228,227,219,214,215,214
197,194,195,195,194,198,197,194,195,201,203,202,197,188,182,178,173,165,165,166,168,165,156,143,135
284,282,276,261,248,250,245,234,228,211,188,188,177,156,151,142,94,66,75,92,92,92,98,101,99
201,207,193,180,184,179,170,159,143,141,138,131,116,109,97,79,68,58,45,44,40,40,40,40,47
40,47,71,108,121,127,131,134,137,144,142,143,140,133,127,119,116,121,129,139,145,146,143,139,138
181,186,194,194,201,215,223,226,218,214,214,218,215,218,219,217,211,211,202,198,198,197,197,196,197
129,136,148,164,175,185,189,188,188,179,184,191,190,190,187,180,171,161,152,142,136,135,134,137,141
175,182,189,192,201,209,209,200,190,173,158,148,141,137,134,135,132,133,130,123,114,109,106,104,99
212,216,214,209,204,202,202,198,186,172,163,154,139,130,120,111,101,92,82,74,73,70,66,57,52
235,243,241,252,252,257,249,242,235,224,214,205,198,192,187,183,180,179,177,177,179,178,174,167,168
187,201,212,221,227,231,223,219,217,219,218,216,215,213,215,215,212,202,196,194,196,198,198,196,191
98,101,99,95,95,94,91,90,90,86,84,85,89,99,112,122,131,141,149,155,160,164,170,171,166
60,63,67,76,89,97,106,116,127,140,154,167,182,201,206,210,206,192,182,169,159,148,140,136,131
80,77,74,73,74,75,78,83,98,128,144,154,160,163,161,155,149,140,126,117,109,103,97,92,89
65,66,65,65,64,67,70,71,70,66,62,60,62,67,80,97,101,107,113,121,133,143,151,158,168
219,233,243,257,276,285,295,304,312,321,328,328,328,326,323,319,308,295,285,278,270,262,253,239,219
99,95,93,89,85,84,85,88,97,111,117,121,124,129,135,137,130,123,118,119,124,134,146,154,161
78,96,123,134,145,153,163,178,195,201,205,211,209,201,188,170,156,150,145,151,162,165,167,169,169
143,137,130,127,126,125,124,127,131,139,143,140,137,135,137,137,136,134,136,142,158,175,178,189,201
134,128,121,120,126,146,165,181,196,209,219,221,227,224,223,227,227,225,226,226,228,231,232,232,236
270,267,264,263,261,259,252,235,222,210,202,195,189,182,174,165,157,152,145,140,136,130,125,121,117
157,155,153,154,156,154,152,153,162,179,192,201,212,222,228,230,235,244,253,257,264,267,267,271,285
247,245,244,242,240,236,229,228,224,217,209,202,195,188,181,175,170,165,166,163,168,170,166,164,158
216,229,241,248,250,258,259,263,269,272,277,279,280,278,274,269,260,255,256,258,262,263,263,263,263
259,255,247,247,243,233,229,226,226,229,216,209,204,207,206,203,195,188,174,164,157,138,131,119,117
118,122,125,131,139,151,168,194,213,227,229,231,223,211,187,171,156,139,136,125,117,111,110,109,108
222,218,221,226,229,230,243,246,233,225,218,212,205,207,208,212,218,225,228,231,236,234,231,228,223
144,146,147,149,153,158,162,167,174,180,187,191,196,201,205,208,208,213,216,216,210,208,207,205,199
139,133,127,127,126,124,122,120,114,111,107,105,109,116,129,131,134,139,144,154,164,172,182,191,199
188,199,212,230,244,259,277,290,289,285,280,287,291,296,300,298,293,286,275,263,254,250,245,247,250
242,235,231,229,225,216,208,207,210,210,208,205,200,192,187,183,181,179,180,181,184,182,177,168,161
105,105,106,105,105,105,108,118,131,142,157,185,209,207,202,208,199,213,212,211,209,210,204,198,204
141,137,134,136,149,180,199,210,215,219,214,205,199,192,185,180,173,167,159,152,150,149,145,136,130
92,89,90,92,92,93,91,86,84,85,92,112,127,128,133,134,135,139,143,140,140,137,132,121,106
184,190,197,192,188,182,179,181,187,191,199,208,205,198,190,188,190,192,190,188,188,186,182,172,157
165,159,153,155,155,149,143,143,144,142,134,120,106,96,90,87,94,101,109,125,129,124,113,93,84
170,179,181,186,191,203,216,228,239,249,255,257,250,239,223,212,204,193,188,178,169,167,163,159,153
88,87,86,86,85,86,89,97,112,127,138,147,154,157,157,151,146,144,146,173,186,188,191,196,193
161,169,185,197,207,215,220,225,230,231,236,238,233,228,229,226,211,192,186,176,170,166,166,164,160
230,233,241,245,253,259,260,262,263,257,256,257,257,257,255,251,246,237,227,220,215,211,211,207,208
144,151,169,181,187,195,192,192,194,200,209,205,198,186,173,173,171,167,162,159,161,156,154,150,140
208,221,232,245,255,257,263,263,260,261,259,254,250,239,216,202,182,162,144,128,116,106,97,86,57
126,127,128,136,153,160,168,170,179,188,204,231,244,259,276,298,287,276,267,278,294,306,301,295,289
51,47,46,49,49,50,57,80,105,130,141,161,171,188,197,207,203,190,182,170,162,161,158,157,155
164,170,176,183,191,197,205,212,215,223,224,232,232,239,237,236,238,238,235,235,233,221,199,206,209
189,187,183,176,173,168,144,133,122,119,111,117,119,121,118,118,128,128,127,131,138,141,139,134,117
141,137,126,123,130,138,138,135,124,118,122,128,133,134,136,141,137,136,137,135,135,129,119,111,101
118,151,181,202,222,253,258,281,299,318,308,311,321,340,337,328,313,300,283,264,242,170,151,129,114
173,176,178,181,181,184,190,188,179,177,186,187,185,184,183,172,176,177,176,174,167,141,143,147,143
134,117,109,102,91,89,95,110,105,100,102,112,113,104,102,108,111,114,115,123,118,107,102,98,88
244,247,254,258,256,249,245,239,236,233,226,211,197,187,175,166,155,146,135,119,111,107,99,91,85
132,135,137,159,171,176,180,175,172,182,237,234,234,234,228,226,230,227,217,212,213,211,208,206,208
122,113,110,110,110,103,111,115,126,127,131,133,146,157,167,176,179,183,187,190,193,195,196,198,207
238,224,234,244,252,263,264,265,266,264,262,257,246,230,218,212,202,192,179,168,161,151,142,146,164
120,110,104,110,115,121,139,152,160,163,165,159,154,149,139,133,126,118,114,119,126,136,155,161,170
163,158,160,165,173,190,204,217,236,249,260,274,279,286,290,287,281,273,268,264,258,254,247,241,234
159,155,153,149,145,171,182,186,197,197,196,197,206,209,206,204,212,218,226,230,232,238,237,233,225
196,198,204,213,225,237,252,251,251,252,256,263,266,267,264,259,254,250,251,250,242,244,249,253,255
246,237,230,225,222,220,226,228,218,214,210,211,209,206,203,203,205,203,198,190,181,172,164,155,152
274,274,273,270,266,263,263,266,268,267,265,260,254,253,251,249,247,243,241,241,241,240,241,241,241
241,243,240,241,239,232,230,233,244,253,263,273,268,258,251,244,240,239,239,240,237,224,225,221,212
117,114,115,118,116,108,97,97,95,99,101,101,102,105,110,119,131,147,155,159,166,173,179,184,191
140,134,129,124,121,120,116,112,113,111,112,114,116,118,120,123,129,134,137,143,150,154,156,155,155
102,110,119,126,128,129,131,139,155,169,181,195,199,196,198,201,211,227,237,236,239,232,230,234,233
187,181,181,182,175,170,176,174,173,162,151,144,140,138,137,134,125,113,107,103,99,100,101,98,94
148,146,149,154,157,159,162,161,161,164,165,163,158,152,144,142,143,144,147,147,141,136,133,131,131
305,303,298,293,291,291,286,283,277,273,271,268,265,261,257,255,254,251,247,246,243,237,232,228,230
255,255,250,242,234,226,220,214,206,199,191,183,176,168,156,126,131,130,124,111,96,90,91,100,111
128,126,126,126,126,123,120,121,127,137,150,161,165,170,169,163,163,162,163,167,176,179,183,184,184
176,192,195,200,206,211,220,224,233,240,248,243,234,227,214,199,192,182,174,170,166,162,155,151,147
226,220,216,217,218,219,219,218,216,211,203,199,202,204,203,198,191,185,182,182,183,184,182,182,181
175,175,177,179,181,183,185,188,189,187,182,174,166,158,152,146,141,134,125,122,114,107,101,97,94
126,132,136,142,146,143,139,136,134,136,144,154,159,158,154,150,145,138,132,128,124,119,115,110,104
127,121,122,132,145,162,166,161,149,131,121,112,104,96,90,83,76,72,70,68,63,61,61,59,60
109,116,123,134,145,153,160,170,172,176,181,190,188,180,177,175,176,175,177,174,170,168,168,157,148
146,143,139,130,115,126,130,132,130,128,121,117,127,131,129,128,137,137,137,145,151,164,174,190,197
235,233,231,227,228,232,228,227,222,212,207,214,214,212,211,214,216,217,216,215,208,196,187,176,168
151,146,139,127,117,108,107,103,99,97,94,93,91,86,84,85,86,85,82,79,76,80,86,88,90
106,108,111,115,120,122,122,122,126,133,145,165,174,188,201,205,214,217,220,221,221,217,210,200,197
122,120,119,117,107,109,117,130,142,146,149,152,158,163,162,160,154,147,138,135,130,127,120,116,120
166,172,178,186,197,206,219,226,239,249,261,268,275,277,268,267,264,263,264,256,231,215,204,192,183
150,152,144,142,150,153,154,154,155,159,161,164,165,163,158,154,155,157,160,161,156,149,143,143,146
136,143,150,156,155,153,150,150,154,167,174,177,168,158,147,136,125,116,108,99,95,91,92,96,102
197,207,209,215,234,236,245,248,251,258,263,271,268,259,242,232,230,237,242,245,244,242,239,239,241
203,203,202,197,196,200,214,246,258,261,254,242,232,216,205,230,244,230,221,217,226,230,230,228,220
187,215,228,242,255,260,268,281,301,317,331,336,329,317,299,278,269,264,256,240,238,229,221,226,227
181,207,239,250,266,276,276,270,266,262,256,249,243,238,231,217,197,182,174,170,162,156,147,140,135
63,58,52,56,63,79,105,123,143,167,177,185,195,193,190,188,181,166,154,144,133,118,107,100,89
87,80,71,63,65,72,89,110,126,137,150,161,163,162,155,150,145,133,116,104,99,95,93,90,89
95,93,90,89,91,93,95,99,111,117,125,125,122,125,131,136,140,140,140,145,142,143,147,151,154
374,378,376,375,370,345,339,338,340,343,339,323,308,306,301,291,285,276,263,263,270,274,270,255,240
162,146,145,134,129,133,133,138,142,154,180,198,215,214,213,198,183,169,154,142,139,138,143,139,127
108,103,101,100,104,117,123,137,142,146,154,165,164,155,147,145,149,157,175,185,190,209,215,216,214
136,138,135,129,126,124,126,131,142,168,190,200,206,211,220,232,227,220,213,211,214,220,223,222,218
195,201,213,225,260,278,290,293,291,294,309,317,328,330,333,332,338,344,346,347,348,349,353,367,380
376,369,370,366,365,365,360,363,356,347,324,303,280,258,192,160,136,117,99,82,67,55,43,40,40
47,69,93,114,119,120,141,148,170,175,195,204,212,226,239,254,272,282,291,294,296,291,278,266,257
228,227,222,211,195,191,183,176,170,167,166,161,165,167,164,162,157,155,154,150,143,132,118,106,95
184,192,192,193,193,194,196,196,200,204,202,196,182,168,161,157,160,166,168,164,163,164,167,169,168
149,150,154,158,162,159,156,148,146,150,151,154,165,177,172,167,164,169,198,201,221,252,249,236,234
61,59,59,60,65,70,82,100,126,133,132,128,121,115,108,106,110,116,127,140,146,153,158,162,169
75,75,79,95,126,131,140,144,150,141,126,116,107,111,114,115,113,108,100,92,80,80,86,92,90
57,58,62,74,104,110,126,133,135,141,144,137,137,148,147,136,135,136,142,168,168,174,207,209,206
209,219,221,221,216,217,215,211,201,200,198,196,194,200,220,207,205,194,186,177,180,184,180,190,196
106,107,100,104,123,132,129,127,120,132,138,145,160,171,178,182,180,168,166,167,169,176,173,166,162
250,245,250,259,262,260,279,289,288,287,284,277,263,242,228,201,191,186,185,186,178,160,139,123,111
89,80,69,60,51,52,41,41,46,46,48,53,61,73,90,101,115,129,125,123,113,105,98,87,80
150,149,150,151,154,153,158,158,160,159,164,167,166,165,164,166,167,172,174,182,186,193,194,185,184
