70,65,62,59,58,63,71,81,86,81,75,71,64,57,50,45,44,43,45,46,47,48,51,54,58
129,123,118,114,107,100,92,85,82,77,71,66,63,65,66,64,62,61,64,67,69,67,63,60,55
57,59,62,64,65,64,64,65,65,64,64,67,72,78,86,89,90,89,89,90,91,90,87,83,81
87,92,95,95,95,92,92,93,91,89,92,99,106,114,115,115,124,127,124,120,115,113,113,112,111
132,137,145,151,158,164,167,167,163,164,170,172,175,172,164,163,163,164,167,172,177,181,184,184,185
270,251,248,240,229,217,209,196,180,166,152,139,126,119,107,95,81,69,59,51,44,40,40,40,40
45,63,78,89,96,95,91,83,80,83,86,86,80,63,54,49,43,41,40,40,40,40,40,40,60
116,128,136,138,136,133,133,134,134,134,138,144,146,147,144,139,139,144,149,154,159,162,165,167,167
106,99,92,93,95,95,93,94,90,87,85,83,65,55,44,40,40,40,40,40,40,46,53,57,57
196,195,196,197,203,223,236,238,247,263,264,267,269,265,260,261,261,262,258,252,243,239,236,240,239
118,127,134,141,148,155,148,139,137,140,146,152,158,167,170,171,171,166,166,167,166,166,164,162,170
58,62,65,68,70,72,76,85,85,88,88,89,92,92,97,106,116,123,122,120,114,109,105,103,106
114,112,106,100,97,101,106,113,121,127,128,111,107,104,101,103,104,104,99,95,94,95,99,103,111
119,117,118,119,121,124,125,126,129,131,132,135,138,140,140,141,140,142,144,145,147,148,150,149,147
100,91,82,73,67,62,69,72,76,77,76,76,79,81,82,84,83,79,68,58,53,54,58,64,77
174,171,161,149,140,133,128,126,125,123,124,124,121,118,114,112,114,113,114,109,101,96,96,97,93
91,85,78,68,64,61,67,67,63,55,47,45,48,49,48,45,44,44,44,45,48,53,63,74,77
119,115,114,114,115,117,119,123,128,128,128,127,127,128,131,135,139,145,149,157,173,175,183,185,180
189,187,182,182,183,188,190,193,202,207,208,203,193,185,182,187,194,197,194,190,187,187,189,186,177
91,95,99,100,99,97,95,95,94,97,105,120,130,149,145,136,128,122,118,116,116,113,110,111,114
97,96,91,85,80,75,74,73,76,78,80,80,77,76,80,91,105,108,111,110,108,106,106,109,110
95,96,97,95,93,89,91,96,98,99,101,101,100,98,98,97,96,97,100,101,101,99,94,92,91
161,167,170,173,176,180,179,176,167,155,150,147,153,163,170,175,173,167,155,148,141,135,134,138,141
88,83,80,83,83,82,80,77,74,74,78,82,79,77,75,77,79,81,81,81,83,89,94,99,99
99,102,102,102,99,98,101,102,98,98,97,96,100,101,101,100,98,94,93,98,122,142,163,186,194
119,129,129,130,129,134,143,137,132,133,134,140,152,152,156,162,172,182,178,183,181,177,168,165,164
200,204,205,201,193,182,175,167,163,168,177,182,184,184,183,182,181,179,173,159,155,161,167,171,171
156,153,148,145,146,147,146,142,139,145,149,150,147,145,141,138,139,137,135,136,141,143,145,146,146
147,146,141,138,137,138,140,140,135,125,112,104,95,97,101,106,115,139,137,140,146,144,143,142,140
121,107,107,116,132,139,138,134,129,126,123,120,121,123,124,126,130,136,133,125,118,117,124,139,154
102,110,122,125,130,128,121,104,93,89,83,79,76,88,99,107,123,132,134,129,117,112,114,123,129
81,76,71,67,72,72,72,70,65,64,66,66,61,56,58,61,64,66,72,87,108,120,126,122,121
88,82,77,74,71,70,65,55,53,50,47,45,44,47,53,71,98,112,113,109,101,94,84,77,77
121,119,114,108,101,97,98,98,97,96,93,91,92,93,90,85,83,82,83,85,84,84,85,91,105
111,113,112,111,114,117,122,119,115,114,117,124,131,132,135,143,156,161,163,159,153,151,149,147,146
128,125,123,127,131,135,134,132,133,135,139,137,134,135,142,149,153,151,148,147,151,154,154,151,148
201,201,194,193,194,199,199,197,193,183,176,173,171,170,169,167,164,160,156,151,149,148,145,137,141
190,185,181,177,174,171,169,168,167,170,176,177,177,176,174,170,169,168,166,165,163,161,159,157,155
140,137,131,120,115,110,118,126,132,133,130,128,119,112,107,105,102,101,102,104,105,105,105,106,107
95,87,82,75,69,63,58,55,56,64,63,52,48,43,43,45,45,45,45,45,46,47,52,62,67
67,67,65,61,58,58,58,58,57,55,57,62,65,66,63,60,62,72,90,103,110,116,125,143,141
148,146,146,145,143,141,140,139,139,138,137,135,135,135,134,130,127,129,129,129,127,123,120,115,113
91,89,90,89,87,85,82,82,84,84,83,81,80,82,89,93,91,90,90,89,89,88,90,93,94
94,94,94,98,100,103,109,112,108,103,101,105,113,124,130,130,127,121,116,114,115,114,108,106,101
280,290,298,299,297,294,294,295,297,300,301,304,309,312,317,319,318,312,298,289,280,275,269,263,261
184,178,170,162,160,156,153,151,149,151,155,154,150,147,145,145,145,145,146,146,147,146,146,147,147
130,128,128,130,134,135,136,137,138,141,144,143,141,140,141,140,132,128,125,125,127,128,131,132,131
65,64,64,65,65,65,64,61,58,55,52,50,50,53,58,67,77,86,96,121,142,163,179,199,211
120,117,112,109,108,106,105,103,101,100,99,100,99,98,96,94,93,92,92,91,91,90,90,90,91
110,114,107,106,116,123,132,150,169,188,208,214,225,236,242,245,246,239,237,235,238,248,256,258,257
146,147,145,144,141,138,135,129,131,132,133,133,131,130,127,124,126,132,132,135,140,139,143,141,149
100,100,99,98,98,97,94,91,89,86,86,84,83,83,84,85,87,89,91,93,95,97,101,111,118
247,253,262,275,282,280,279,276,266,264,261,260,254,233,224,213,202,199,197,193,190,184,174,169,176
92,97,100,102,103,104,108,116,122,129,123,119,120,130,141,148,154,167,179,192,203,212,219,222,225
89,93,101,103,105,108,113,121,123,124,117,114,122,120,116,115,112,115,118,118,120,118,117,119,125
99,97,95,95,99,102,104,105,109,112,113,112,111,111,112,111,106,104,100,100,101,124,143,151,148
141,132,126,121,118,116,115,113,111,109,107,105,105,107,109,108,103,98,94,95,94,89,83,73,61
49,57,69,74,76,71,65,58,60,62,58,58,63,74,87,102,119,137,151,159,165,169,174,174,173
133,133,131,128,127,127,127,128,127,123,121,120,118,113,110,107,107,106,106,106,107,108,109,110,112
197,189,186,182,177,176,173,166,159,155,153,147,140,134,128,123,119,115,111,106,104,105,106,107,108
107,100,91,82,79,77,78,79,78,76,74,72,72,72,72,74,79,91,101,110,119,119,119,115,112
172,170,165,159,150,146,143,141,144,147,148,147,143,137,131,129,129,126,117,106,101,99,100,102,102
113,119,124,124,121,118,117,116,114,111,108,106,108,110,110,106,105,107,106,102,98,92,87,83,81
104,103,100,100,101,103,107,109,110,111,110,110,109,108,107,107,107,107,109,110,111,113,117,121,126
127,127,129,133,136,137,136,134,132,131,130,125,121,117,116,121,126,129,129,128,127,128,128,127,124
117,120,125,130,134,135,135,134,132,130,128,126,124,122,120,119,116,115,115,115,116,117,117,118,118
263,257,252,249,249,251,254,258,265,271,276,274,269,265,265,269,274,279,283,289,292,297,304,304,305
166,168,172,181,193,199,198,195,188,182,178,174,172,172,172,172,174,180,188,192,192,188,185,183,182
181,179,176,173,171,168,163,156,150,148,148,147,142,136,131,128,128,131,134,136,137,137,136,136,135
134,135,134,133,131,127,124,121,119,117,116,115,115,115,113,109,105,101,100,99,99,98,96,95,94
91,92,91,91,90,91,93,96,98,98,95,94,99,108,113,115,114,114,115,116,118,120,120,119,117
157,153,154,164,181,198,210,220,228,238,233,223,220,218,220,219,216,210,205,197,186,172,169,162,158
101,98,96,96,94,92,93,94,97,100,103,106,107,107,108,115,128,128,131,138,136,132,128,126,123
126,124,120,120,124,127,128,129,129,132,132,133,137,137,139,141,143,147,149,149,147,149,153,150,147
200,197,201,202,205,208,216,217,214,204,191,200,206,206,211,207,201,200,199,193,188,187,187,183,187
158,181,184,193,200,202,201,198,195,194,194,195,196,195,194,193,186,180,180,179,175,167,159,149,141
127,130,131,128,126,123,116,107,105,103,102,100,95,93,93,92,91,94,95,91,84,81,85,89,91
90,87,86,88,90,91,93,92,93,92,92,93,95,96,97,99,98,97,98,102,110,118,120,115,108
135,148,151,143,124,121,122,124,132,142,158,186,190,197,197,201,216,229,233,240,235,236,239,239,237
132,133,143,154,160,162,169,172,176,188,197,192,187,185,185,188,199,219,210,182,176,177,185,190,194
194,184,177,166,162,155,149,137,121,117,108,99,92,86,79,79,84,82,71,65,59,59,61,60,58
56,51,50,51,51,52,52,51,51,49,43,41,44,56,77,90,89,103,106,110,109,102,99,100,99
76,85,89,93,91,88,88,88,89,89,89,90,88,85,85,90,89,88,88,86,86,89,98,113,127
153,153,160,174,173,183,186,198,206,214,232,244,240,242,243,240,239,240,241,241,248,247,247,250,257
139,136,136,133,127,116,106,100,100,102,104,102,98,101,101,89,92,96,98,101,102,102,101,100,99
72,78,83,85,85,82,79,78,79,81,84,89,92,96,98,98,95,94,93,95,94,93,93,93,94
104,100,98,98,100,99,109,115,116,119,121,121,120,119,117,116,118,121,121,120,118,118,119,120,118
112,120,126,133,140,145,148,151,153,154,154,155,157,157,157,158,159,161,164,166,171,170,167,164,160
98,98,98,98,101,104,113,116,115,115,118,124,132,141,154,168,185,193,202,208,214,220,228,233,233
189,195,201,204,206,209,214,218,216,217,217,221,226,235,247,248,241,231,228,226,225,230,233,232,227
107,103,100,97,95,95,95,95,96,96,99,101,103,105,106,107,107,108,109,111,113,116,123,131,136
140,142,145,152,158,162,167,173,172,174,173,170,168,165,159,153,149,149,154,162,165,169,169,167,164
63,61,59,56,57,60,63,72,90,99,107,113,118,125,135,142,148,153,156,159,162,166,168,172,176
180,179,178,178,176,173,170,166,162,159,157,155,154,152,151,149,146,143,139,134,128,128,127,126,127
126,125,126,128,132,136,139,140,140,140,139,139,139,137,136,137,140,140,138,136,135,136,137,139,142
144,143,141,136,131,124,118,112,111,113,112,110,105,100,100,102,107,113,116,118,118,115,112,111,109
138,138,139,139,138,137,135,129,126,119,120,123,123,124,129,134,139,142,140,136,135,137,145,143,142
152,154,157,151,151,155,152,151,160,163,166,164,162,164,167,169,169,165,160,151,141,147,149,156,155
171,169,165,158,164,166,171,169,167,165,163,161,154,130,94,97,117,135,145,164,166,171,178,188,197
164,159,156,156,154,149,147,146,146,147,146,146,151,166,181,192,200,202,207,206,201,196,190,186,187
202,210,209,204,200,195,186,180,175,175,174,174,174,176,179,178,172,165,159,163,163,159,156,150,146
113,119,123,124,122,115,109,104,104,106,109,114,121,121,119,116,114,115,116,115,114,112,111,111,111
116,120,120,115,104,98,100,106,112,115,114,115,124,153,182,207,214,212,207,196,191,189,191,194,200
200,199,199,198,197,196,202,204,203,203,202,199,195,192,187,183,179,176,176,175,173,169,164,160,158
156,153,149,144,143,141,139,138,134,132,136,144,157,167,176,185,196,204,211,219,228,235,242,249,257
77,78,78,78,79,79,80,82,85,88,91,94,98,104,114,122,129,138,146,151,152,150,151,151,154
201,199,203,206,208,207,206,205,204,204,205,206,209,210,210,211,210,212,213,213,214,214,214,214,212
164,159,155,153,150,144,140,136,130,128,126,121,115,112,111,110,107,101,98,96,93,92,91,91,90
86,86,82,81,82,85,86,84,81,78,78,83,88,92,93,93,94,94,95,95,96,97,97,96,93
98,101,102,101,98,98,99,99,97,98,100,101,102,102,101,103,106,107,111,115,115,114,111,106,107
103,105,108,109,109,110,112,114,117,115,113,111,111,109,108,110,112,111,107,105,106,108,112,116,120
112,124,133,127,122,118,114,116,115,112,112,114,121,139,142,151,152,147,146,143,142,142,141,139,137
134,130,121,108,103,99,100,102,105,106,107,107,109,111,110,109,107,109,112,113,113,112,111,110,110
106,106,107,108,112,112,110,109,108,108,109,110,109,111,112,111,110,108,108,111,113,112,114,118,118
117,115,114,115,114,114,117,123,133,134,133,128,122,117,115,115,120,122,119,115,112,111,114,118,122
122,121,119,116,111,108,106,106,107,107,109,109,109,109,107,102,102,104,107,111,112,113,113,113,112
109,109,111,114,119,127,133,129,130,128,131,137,138,138,134,127,122,124,127,130,133,136,137,139,160
301,298,290,276,265,254,235,217,206,192,195,190,181,173,172,171,162,150,142,145,143,138,130,131,132
126,125,125,127,129,131,129,125,114,111,107,102,101,100,99,99,97,94,92,92,92,93,94,95,95
97,98,98,99,99,99,98,98,99,99,100,101,102,102,103,103,103,103,104,105,106,106,106,105,106
118,118,118,117,116,115,114,114,116,118,118,118,117,116,116,116,116,116,117,114,113,113,114,115,115
114,113,113,112,112,112,115,117,118,118,117,117,119,123,124,125,123,120,118,115,109,111,112,112,112
174,168,164,163,151,144,142,138,140,145,151,155,153,148,144,135,128,129,133,136,140,142,147,156,159
155,156,158,156,154,151,151,149,150,147,139,137,129,111,113,120,119,116,124,131,134,139,139,139,139
138,142,143,142,140,135,128,122,117,111,109,108,108,106,103,97,90,87,86,85,85,88,90,92,92
85,82,81,80,79,78,76,74,72,71,70,71,70,71,74,84,109,133,148,161,175,187,193,196,197
68,68,67,67,66,65,67,73,86,100,109,119,132,129,129,124,129,141,142,144,138,132,137,147,150
162,165,177,183,190,194,194,198,202,202,204,206,208,216,218,217,217,216,216,217,219,221,223,226,232
65,61,61,58,55,59,67,79,91,96,102,106,110,114,118,126,130,128,123,121,123,128,134,136,136
141,148,157,164,168,169,168,166,169,172,173,176,175,169,158,142,137,133,130,128,128,126,117,112,107
153,155,156,156,157,160,163,166,170,169,167,166,167,168,167,164,161,157,155,153,151,149,147,145,145
154,153,151,149,145,140,137,137,137,138,139,140,141,141,141,140,138,136,134,133,131,128,125,122,121
121,120,119,118,117,117,116,113,113,112,109,101,98,96,97,98,98,97,97,96,96,97,99,100,100
101,100,99,99,99,101,102,103,103,100,99,99,102,105,107,108,107,107,108,109,109,107,105,105,105
109,110,112,114,116,118,120,123,125,126,128,128,128,127,127,126,125,123,122,120,119,117,115,112,109
49,47,48,54,63,75,83,87,94,113,122,124,131,141,149,155,161,161,160,162,164,166,166,166,169
96,106,117,124,131,131,128,123,120,116,111,107,104,102,99,96,94,92,91,93,94,94,93,92,90
113,110,108,105,102,99,99,102,103,102,101,97,92,92,94,98,102,106,108,110,112,114,116,117,116
178,175,164,149,141,132,126,128,124,133,143,154,155,148,138,121,110,103,97,93,90,86,81,76,72
59,55,52,49,44,41,46,54,75,81,83,82,82,84,85,84,84,86,88,89,87,83,77,70,64
157,157,150,137,125,117,112,114,119,123,129,137,145,153,152,156,165,173,181,183,188,190,189,187,183
179,178,178,176,172,169,165,162,158,154,153,152,150,148,145,142,141,141,141,142,144,146,147,148,147
147,145,143,138,133,131,130,129,128,126,124,122,119,117,117,118,118,112,106,102,99,101,102,103,103
102,102,101,101,101,103,105,109,112,113,112,110,109,107,104,104,107,109,110,107,102,97,93,91,90
98,98,97,97,97,98,99,100,101,102,103,104,106,108,111,113,115,116,117,118,119,119,119,118,117
112,113,115,117,120,121,119,119,118,117,117,116,114,113,112,110,110,110,109,109,113,117,119,119,117
109,111,114,118,119,120,121,120,119,118,118,118,117,119,119,121,122,121,121,119,120,117,115,117,117
292,270,258,250,240,236,230,227,228,232,234,236,237,243,243,243,248,252,254,254,252,250,250,248,243
235,224,209,200,195,195,193,186,174,164,156,147,144,136,128,122,116,111,106,97,88,83,77,68,61
117,120,123,129,134,136,132,128,125,125,125,128,129,129,127,127,131,142,151,156,161,165,173,171,171
167,164,163,161,159,151,141,134,129,123,122,116,109,103,100,99,99,99,98,95,92,89,87,85,82
80,81,81,82,83,84,84,83,83,83,83,83,83,83,83,82,83,82,81,80,78,77,76,74,73
69,69,67,66,63,61,60,59,60,59,60,59,60,60,63,66,69,71,73,76,82,85,86,90,94
67,82,90,94,100,95,97,106,120,123,131,133,134,139,142,151,161,173,180,188,196,205,214,222,232
72,80,88,97,106,112,117,123,128,134,140,147,154,158,165,173,180,184,186,188,194,204,215,225,231
149,143,134,123,116,114,113,106,104,104,102,97,92,88,85,81,82,84,83,81,75,67,69,69,68
61,61,60,58,57,56,55,55,54,54,53,52,55,66,81,104,110,115,116,104,95,85,79,76,77
56,57,57,57,58,62,71,79,76,80,97,95,91,86,81,77,69,63,55,61,72,71,68,64,64
95,95,93,93,92,87,91,92,94,95,92,93,95,95,104,105,107,110,118,121,124,126,125,125,125
121,118,117,111,97,108,114,121,130,133,135,135,135,135,133,126,113,114,110,126,131,128,121,119,115
204,204,205,205,198,191,186,189,193,196,197,189,190,191,190,187,186,186,183,172,155,142,146,155,157
149,145,141,138,135,137,139,144,148,152,151,149,147,135,132,134,134,133,129,126,123,120,117,115,115
110,107,107,106,106,107,105,106,105,103,99,97,95,93,91,89,87,88,92,95,95,96,95,94,93
94,95,92,90,93,94,95,95,93,91,91,85,65,73,80,84,84,83,79,79,83,87,87,86,89
172,167,158,145,137,132,130,132,137,153,188,196,208,211,214,211,205,196,175,176,172,174,182,191,188
181,171,177,198,218,228,232,233,224,208,208,208,209,203,202,201,192,178,170,167,169,176,183,187,187
180,183,184,184,179,173,172,174,174,172,163,150,133,122,110,95,107,117,124,134,142,145,141,131,123
162,154,149,144,137,125,119,114,110,118,119,114,115,116,117,119,118,114,106,102,99,99,99,97,96
142,133,128,124,128,129,126,124,117,117,114,108,102,97,96,91,77,78,79,80,80,80,81,80,78
169,171,171,169,166,161,151,142,136,139,139,140,137,128,119,109,108,103,103,105,106,102,95,95,96
97,105,107,106,103,102,102,104,106,108,105,102,100,100,106,126,133,139,141,138,139,139,136,135,135
137,139,141,145,153,152,154,150,144,140,137,134,130,127,126,127,125,122,115,107,102,100,108,119,127
129,122,121,117,108,106,110,122,136,142,141,137,134,131,124,101,102,110,120,130,133,137,139,136,136
143,143,143,142,139,135,135,134,135,135,132,131,130,129,130,130,129,131,134,136,140,145,145,141,136
172,167,157,148,141,134,135,134,129,125,120,115,111,107,104,99,100,100,96,93,91,91,93,93,91
92,93,92,93,97,106,115,123,129,135,139,140,137,135,138,138,135,132,129,128,131,136,144,145,134
158,164,165,165,163,158,154,150,147,146,144,142,140,138,136,135,133,130,129,125,115,99,90,87,84
104,99,94,86,83,84,85,85,84,82,80,78,76,73,71,69,68,71,72,72,72,83,127,135,143
149,152,150,149,146,145,145,146,145,143,140,141,144,147,148,150,150,149,149,146,140,134,135,135,132
139,141,138,137,137,138,139,141,143,147,149,147,145,142,140,140,142,146,148,150,151,151,151,152,150
147,145,144,147,152,154,153,151,150,149,149,148,145,141,140,137,133,130,131,131,127,124,122,121,118
189,190,194,198,202,206,202,193,177,166,163,157,155,150,138,142,146,149,149,145,139,135,131,125,119
185,187,188,185,178,162,160,155,155,150,143,134,125,117,107,95,89,85,79,82,87,90,91,88,77
45,42,44,52,56,59,61,59,58,57,56,54,53,53,54,57,60,66,78,81,84,83,83,85,87
93,96,98,101,102,102,104,106,106,105,103,101,100,103,108,112,115,116,117,117,117,119,124,124,115
117,121,125,127,128,126,115,90,85,82,99,104,105,104,105,107,107,107,112,117,122,124,119,107,101
95,97,102,109,110,108,107,107,107,108,109,109,110,111,112,113,115,118,121,124,128,132,129,127,124
163,165,168,169,169,169,169,170,169,167,164,163,164,164,165,165,164,164,163,162,161,159,159,158,160
117,118,121,124,127,129,130,130,128,126,124,123,123,124,124,123,122,119,115,112,111,108,106,106,105
102,105,112,121,122,124,129,144,150,152,148,140,136,129,129,129,129,129,118,120,114,111,114,114,112
138,141,146,148,147,148,147,146,144,140,135,128,119,114,109,106,102,100,102,101,95,89,81,77,74
137,138,139,141,144,147,151,158,170,177,184,187,186,183,179,177,178,180,180,176,174,172,170,168,165
193,194,195,193,192,193,193,196,195,190,181,179,179,179,180,175,173,169,170,167,153,142,137,140,149
150,149,147,143,137,132,129,127,123,116,112,110,110,109,106,104,104,105,104,99,99,97,97,98,99
101,102,102,104,105,108,112,115,118,120,120,120,118,113,112,112,115,116,113,99,104,106,109,105,102
172,180,178,172,166,160,164,166,166,164,160,164,184,193,202,197,186,168,158,154,152,152,152,146,136
97,100,104,105,102,96,88,87,85,85,86,89,94,97,99,103,111,109,106,104,103,109,129,132,139
125,122,119,119,120,121,122,123,124,126,129,129,127,122,116,118,125,129,133,133,131,130,129,127,120
115,118,120,121,124,129,136,145,142,129,130,133,139,150,154,166,177,190,193,190,181,181,191,198,200
200,203,204,206,206,208,207,203,198,193,194,193,193,190,181,175,170,173,177,176,169,163,158,154,154
146,143,141,139,137,135,135,139,141,141,143,142,141,135,124,126,124,110,97,91,87,88,93,98,103
102,99,97,99,100,95,89,83,83,87,91,99,112,109,105,97,98,103,109,115,122,132,139,144,148
179,180,178,177,178,174,160,170,177,174,174,174,169,155,139,133,125,121,118,116,115,114,113,117,119
116,113,112,109,102,96,92,97,101,100,93,85,80,79,80,83,85,86,88,92,98,103,106,104,100
199,204,206,201,193,184,181,184,183,171,161,160,164,169,171,170,167,162,155,146,139,133,130,131,131
124,118,109,101,96,90,86,83,87,95,104,107,106,102,98,96,95,94,92,90,88,87,88,90,90
93,95,94,94,97,100,104,108,111,113,119,121,127,122,107,99,100,105,105,104,104,105,104,104,108
136,138,142,139,140,146,144,139,125,120,125,130,132,132,132,132,133,132,130,123,116,118,121,121,121
125,126,129,131,135,137,140,146,148,149,152,158,159,159,160,161,158,158,158,157,162,178,188,195,204
250,248,249,251,248,243,235,225,219,220,217,210,207,205,201,192,183,178,171,166,162,157,151,144,138
105,101,105,106,104,97,90,85,82,81,82,80,73,72,66,63,69,74,77,82,85,89,97,109,118
183,174,171,173,172,162,156,153,150,143,133,121,112,104,100,100,100,99,98,96,96,99,103,111,118
118,115,112,112,113,113,110,109,112,123,130,137,140,140,140,140,141,144,145,144,144,142,137,130,123
107,98,91,87,91,97,100,100,93,83,79,79,80,81,81,79,77,80,83,83,83,87,98,104,106
106,104,102,97,94,95,98,102,108,106,100,93,96,105,107,108,110,101,91,94,108,115,123,123,122
115,114,113,112,110,108,106,102,100,96,93,92,90,89,88,87,87,88,88,90,92,91,90,89,89
123,120,116,115,118,121,123,123,122,120,117,113,109,106,106,110,118,120,118,113,110,111,115,115,112
110,111,113,115,115,114,112,108,106,106,105,105,107,105,98,92,89,90,93,97,100,101,102,103,105
105,105,104,102,101,101,101,102,103,102,99,98,97,92,86,89,95,97,98,98,97,96,97,100,108
126,134,143,150,155,158,158,157,156,154,151,151,151,147,142,137,133,131,129,129,131,132,132,131,133
135,137,138,140,141,141,143,143,142,142,143,146,150,155,157,158,159,163,164,163,162,162,163,165,166
77,78,77,78,81,87,95,104,111,106,104,102,100,99,91,88,87,87,87,86,85,85,84,85,86
107,105,97,95,93,92,95,98,100,107,123,127,132,132,132,135,134,130,128,127,127,127,128,127,124
117,117,116,117,118,120,121,124,126,127,129,130,130,128,127,125,124,122,119,114,106,105,106,109,110
142,137,129,125,118,116,114,110,105,102,107,104,101,98,93,92,96,104,115,115,123,139,154,171,182
181,187,196,189,186,181,174,166,158,151,146,143,141,139,138,138,138,137,133,129,125,123,122,124,125
74,73,66,68,70,71,63,40,42,45,52,51,50,49,57,65,91,104,108,111,116,119,122,123,127
139,145,151,155,155,153,152,149,146,144,142,141,139,137,137,138,138,136,133,125,122,124,128,132,133
132,129,126,125,127,132,134,135,135,134,135,137,139,141,141,137,133,130,131,131,130,128,126,124,124
121,118,115,110,115,115,116,118,119,120,121,121,122,123,125,126,128,127,126,124,125,127,126,125,121
109,114,123,130,135,146,152,154,157,159,162,164,164,165,168,168,170,168,169,173,173,173,173,171,171
124,122,120,118,115,113,115,115,114,109,100,92,96,105,106,104,102,104,107,107,106,103,100,100,102
103,97,93,90,90,95,100,110,110,111,109,110,113,115,114,108,106,106,107,110,110,110,113,114,116
114,115,117,118,116,114,112,109,105,103,104,104,101,98,95,94,93,95,98,108,113,123,132,129,127
130,136,143,152,155,160,160,162,159,158,158,156,158,156,155,157,161,163,165,163,162,162,160,154,153
55,63,69,74,76,76,75,73,73,73,72,68,65,67,92,94,97,105,111,116,110,99,91,84,84
116,118,117,116,116,117,119,117,115,106,102,101,102,102,98,92,92,96,109,117,122,127,136,139,142
127,126,128,129,130,129,127,125,122,119,115,112,112,110,105,96,97,99,102,100,93,95,99,104,109
68,69,73,81,81,81,77,74,73,73,74,75,75,75,71,62,54,52,55,57,57,59,68,84,87
84,83,84,83,82,82,84,85,82,79,77,75,72,72,73,77,80,80,82,85,95,96,97,95,94
117,117,119,117,114,114,114,114,117,118,120,120,120,118,117,118,119,119,119,117,116,116,114,114,114
120,122,123,124,125,126,127,128,128,127,125,122,120,122,121,120,116,116,117,117,116,118,120,123,130
132,130,132,141,142,147,152,155,161,164,170,183,182,178,173,171,173,175,176,178,178,180,184,186,186
196,196,194,187,171,160,154,151,149,156,158,158,158,154,142,135,126,120,114,120,125,123,116,107,105
140,143,144,145,145,143,143,144,145,149,149,148,147,147,149,149,151,158,165,171,171,166,161,153,144
133,133,131,129,128,128,126,122,119,116,115,115,114,117,122,124,125,123,120,119,118,117,116,116,114
112,111,110,109,109,110,112,114,115,117,118,117,117,117,117,117,118,119,120,121,123,128,136,136,134
134,132,131,130,126,119,117,117,120,127,130,131,133,133,132,132,132,135,134,131,130,129,129,129,130
130,130,129,128,127,126,127,127,128,125,122,119,120,122,122,119,114,110,109,113,118,120,118,113,107
155,154,154,159,163,171,182,190,192,184,177,169,168,169,167,157,138,128,122,117,112,107,101,96,92
249,241,236,232,223,208,206,211,217,218,216,214,214,221,231,238,244,244,248,251,258,255,255,260,260
92,84,70,65,62,61,60,59,57,55,59,60,59,58,59,59,58,57,55,54,52,50,52,56,65
111,115,117,116,110,107,107,108,110,113,114,114,114,113,109,100,93,90,92,94,96,98,101,103,110
132,135,131,126,124,124,126,129,130,126,125,128,130,131,129,127,127,130,138,153,158,166,164,157,153
99,99,92,87,85,85,86,87,89,88,86,85,86,88,90,91,92,92,92,89,84,80,79,81,85
95,96,97,98,100,103,107,110,112,109,110,115,112,105,100,98,98,96,95,92,90,90,91,92,92
114,111,106,103,101,102,102,103,104,104,104,105,106,107,108,108,107,106,106,105,104,104,104,104,104
112,114,114,113,113,114,114,116,119,121,120,120,120,126,140,145,147,146,140,133,132,134,134,133,135
136,135,133,131,132,133,132,131,128,124,122,118,118,119,120,119,120,119,119,121,122,121,119,119,118
289,275,266,260,251,243,240,234,241,235,228,218,212,202,188,176,161,164,155,134,125,112,107,107,99
156,159,158,156,153,148,138,130,127,127,134,139,140,137,130,121,116,113,110,109,107,106,105,105,103
92,91,90,89,89,90,91,91,90,89,89,88,87,87,88,89,91,93,94,95,94,93,94,96,100
115,115,114,114,117,117,119,122,123,122,120,122,124,126,127,125,124,123,122,122,123,124,125,126,127
135,138,139,133,132,137,145,144,146,144,139,142,144,142,139,136,132,131,130,129,125,123,126,129,125
220,220,214,204,197,193,186,181,174,158,139,124,109,96,76,82,94,93,89,91,86,83,84,83,82
177,181,189,194,196,198,201,203,207,210,213,219,224,219,214,214,214,213,213,210,208,211,217,221,226
75,75,75,76,76,76,77,95,103,94,92,94,101,110,120,123,125,131,127,130,141,151,161,172,186
247,249,253,260,263,264,265,259,260,257,255,245,232,212,200,191,180,164,160,162,156,153,145,144,151
122,123,123,123,123,119,116,115,116,119,123,126,127,126,122,117,115,114,115,117,115,113,111,108,106
107,107,105,103,102,103,102,101,102,103,105,108,112,114,116,119,122,126,129,127,129,132,140,149,156
156,156,150,149,148,149,147,146,145,142,131,137,144,149,150,149,147,142,129,129,128,139,142,142,146
201,196,198,204,207,207,203,195,192,191,194,197,198,200,199,196,194,193,195,199,202,204,207,203,203
157,157,155,154,154,156,158,156,157,162,162,158,153,145,141,142,149,165,180,192,200,207,211,214,216
103,105,104,102,102,103,107,121,134,132,136,146,153,157,151,151,148,143,136,128,123,122,129,134,138
145,158,170,188,209,219,223,227,220,215,207,204,202,200,196,194,192,196,195,192,183,183,177,158,148
147,150,152,151,150,146,140,134,129,132,139,141,142,137,118,104,97,105,112,120,139,160,179,210,257
169,171,175,183,200,202,206,198,195,200,210,226,229,222,216,215,218,224,241,240,242,243,244,251,252
244,240,237,240,241,240,239,235,234,237,237,235,232,223,222,225,222,207,203,191,183,186,187,188,181
195,196,198,204,207,207,204,202,201,197,194,194,193,187,174,170,162,155,156,152,147,146,145,144,143
147,142,135,129,126,124,124,124,123,120,115,110,111,112,111,108,104,103,101,97,95,97,103,115,123
179,187,196,208,213,208,200,193,181,169,163,161,163,168,170,170,168,167,167,167,165,162,158,162,175
87,81,77,74,71,72,71,66,66,72,78,81,80,77,78,80,82,83,82,86,95,94,92,93,105
129,135,141,143,146,151,157,163,167,163,159,153,149,144,142,145,147,151,150,151,152,153,155,153,154
157,160,163,162,161,161,159,158,157,155,154,155,154,152,148,147,146,146,147,147,148,149,150,149,146
131,121,109,106,103,107,113,116,122,137,156,174,192,207,212,220,222,225,227,227,227,229,235,241,240
93,94,95,93,87,83,84,87,93,102,108,113,118,123,130,135,138,141,145,149,146,143,140,139,142
95,95,94,95,96,96,97,99,100,101,101,103,106,113,118,123,126,130,133,133,129,126,126,125,123
220,213,204,201,201,204,207,212,227,233,238,239,241,243,243,241,237,234,233,232,234,235,236,237,239
114,115,116,116,115,116,117,120,124,128,134,136,139,140,140,141,145,156,166,181,195,212,230,252,274
139,135,138,138,137,137,140,143,143,145,152,171,182,190,197,193,190,189,186,183,181,178,175,176,180
201,205,206,199,193,188,186,183,183,188,188,183,170,157,149,149,151,155,157,157,159,159,156,148,141
137,137,135,133,130,127,123,119,116,114,115,117,119,118,117,115,115,116,116,117,117,115,112,108,104
202,201,198,194,188,185,184,182,182,183,182,181,179,179,179,179,174,166,161,160,161,161,157,157,156
155,150,143,137,130,125,121,114,111,108,107,104,103,104,101,96,90,86,87,89,94,97,99,100,107
131,143,157,166,169,175,171,165,160,155,153,152,150,148,149,148,146,145,144,143,141,138,135,132,128
109,112,113,113,112,111,114,121,123,122,121,121,123,124,124,123,122,120,118,114,108,108,107,106,104
100,111,118,123,128,133,138,143,152,158,162,166,168,169,168,172,177,181,184,183,181,179,175,168,167
158,157,154,149,150,150,149,149,148,147,147,145,146,147,146,146,145,142,138,132,135,134,132,132,132
123,123,125,127,130,135,139,144,150,150,150,147,145,144,146,147,147,148,152,155,155,155,152,149,149
141,135,137,139,139,141,142,140,139,136,130,124,122,120,116,111,105,111,112,111,112,110,105,98,94
94,95,95,97,97,99,101,100,101,103,104,105,106,106,104,100,98,96,93,91,90,90,89,89,89
108,111,111,109,108,109,109,109,109,111,112,113,113,113,114,114,113,114,116,117,117,117,116,116,117
120,124,129,130,129,127,126,126,126,125,124,124,125,125,125,124,123,124,125,126,126,124,122,120,119
114,114,114,116,117,117,118,123,124,123,122,121,120,120,120,120,119,118,117,115,108,106,104,104,104
112,110,109,110,110,107,104,104,103,107,112,117,121,122,126,135,133,132,127,124,121,118,114,108,104
95,97,100,107,111,111,108,108,110,109,107,103,99,99,101,102,102,100,97,98,99,98,101,104,102
90,88,88,88,89,91,89,82,77,77,76,74,72,75,80,82,84,81,73,71,71,70,69,71,72
212,211,211,212,215,220,223,225,225,225,227,231,233,228,225,225,223,220,216,209,204,201,199,198,196
72,79,75,69,74,82,86,88,86,82,76,73,68,63,64,65,71,76,74,74,79,82,86,96,113
133,146,160,167,160,144,135,136,138,139,134,133,137,136,132,133,127,125,125,132,131,125,125,121,122
71,76,80,88,100,113,162,180,190,204,210,211,208,203,199,197,193,191,195,197,199,196,187,184,183
186,187,183,175,169,162,155,151,147,142,142,138,134,126,116,109,103,106,115,121,124,122,118,115,110
132,123,120,120,123,127,132,143,146,153,163,165,165,170,177,181,178,176,171,167,165,164,165,163,155
55,55,58,58,56,57,58,56,55,56,58,59,62,75,91,105,119,148,158,191,202,203,202,200,200
121,124,126,126,126,127,123,115,107,103,107,113,120,134,142,141,138,133,128,122,116,113,107,98,91
101,95,89,85,81,76,72,69,66,63,59,54,51,52,57,66,90,104,117,128,139,148,155,164,173
109,106,100,95,92,92,93,95,96,98,103,109,112,118,125,134,142,148,151,149,147,149,151,154,159
163,163,162,159,158,157,158,160,162,166,170,171,171,170,169,167,164,162,162,164,165,165,162,159,157
156,155,153,151,150,151,152,149,146,139,130,128,122,116,112,108,108,111,111,109,105,99,96,93,91
158,164,170,177,184,194,198,197,200,202,206,209,213,215,217,221,224,226,228,228,226,224,221,219,217
215,216,215,214,211,208,203,199,196,193,192,191,189,190,190,189,190,191,190,188,187,185,181,178,175
176,175,172,165,163,162,165,167,167,166,165,164,163,161,160,160,160,159,157,156,156,155,155,157,160
161,159,156,154,154,154,154,153,152,153,152,149,145,141,140,139,138,135,133,130,126,123,121,121,117
139,140,141,143,148,155,162,167,174,178,181,187,192,197,199,198,201,205,206,205,205,207,208,213,223
118,115,111,107,101,95,92,90,93,98,103,108,110,109,107,105,104,104,106,109,111,112,115,118,119
113,109,105,101,98,96,94,91,85,82,80,79,78,76,74,74,72,69,68,67,69,73,79,90,102
133,131,131,133,135,139,142,145,147,149,153,157,154,153,151,151,151,151,151,148,145,142,137,134,133
133,135,135,134,132,131,130,129,128,127,126,126,124,124,122,120,117,116,116,116,115,114,114,114,114
116,116,116,116,116,117,118,119,120,120,118,116,114,112,111,109,107,105,104,103,103,104,104,105,105
192,195,199,201,205,207,207,207,208,207,205,206,203,194,186,176,167,160,153,147,141,136,135,138,142
71,71,69,66,63,65,68,72,74,76,78,80,82,81,83,82,83,82,84,85,89,94,94,89,92
130,123,116,109,102,100,99,97,93,90,87,85,84,83,78,75,80,81,82,83,83,83,84,83,81
80,80,81,81,82,82,82,85,85,83,83,82,79,76,74,71,68,67,65,64,64,63,63,64,61
63,77,85,82,83,83,78,78,78,79,82,85,89,91,90,88,90,97,101,103,102,100,100,100,101
105,107,108,109,114,117,116,117,120,119,115,112,116,117,118,117,115,110,99,93,91,82,72,68,71
58,62,63,65,73,78,85,89,90,89,88,85,86,86,87,91,98,99,99,103,107,109,113,120,123
133,130,127,128,137,139,139,142,143,146,149,156,166,162,155,153,151,146,134,127,118,114,110,112,120
109,108,109,113,115,117,125,132,142,142,134,131,126,120,117,110,101,106,108,108,100,92,84,80,77
115,114,112,116,121,134,136,143,142,145,144,141,141,142,139,139,138,135,126,110,116,121,124,123,121
72,70,81,91,89,89,101,98,98,95,85,84,93,87,84,86,87,84,78,76,80,94,104,130,144
120,120,116,112,110,110,112,113,111,110,111,109,102,98,99,105,110,112,112,109,105,102,100,99,101
90,99,100,99,98,99,100,100,101,101,101,102,102,102,105,108,113,119,120,114,106,101,105,112,119
115,111,108,104,104,102,100,97,95,93,92,91,91,92,94,97,102,101,102,104,105,108,110,111,116
149,147,146,152,159,164,169,172,173,174,175,175,176,176,172,166,159,156,157,156,150,144,136,128,121
84,90,91,89,84,78,77,78,83,84,83,81,78,72,67,66,68,73,77,80,83,88,91,93,94
111,117,120,121,124,129,133,137,141,144,148,152,158,160,161,158,155,151,145,137,126,116,110,115,122
121,116,111,108,108,112,115,118,124,133,142,152,157,151,145,147,156,161,163,160,156,148,141,140,144
133,144,147,143,140,141,145,149,151,152,153,153,153,153,154,155,154,150,146,139,131,125,122,116,113
159,149,137,128,119,114,112,111,111,109,108,104,97,88,89,89,92,92,89,85,81,80,79,78,76
137,141,144,145,146,148,153,158,159,157,153,153,153,150,150,150,154,166,173,176,170,167,169,174,180
80,86,94,98,99,96,93,91,92,96,99,102,101,99,99,101,106,110,110,108,105,105,106,108,110
72,69,67,64,61,58,55,54,61,83,91,96,99,100,100,94,88,79,69,69,73,80,84,90,103
111,107,106,102,101,106,112,115,115,113,111,111,115,126,140,156,176,185,194,202,210,221,242,243,251
88,90,92,94,97,96,95,94,93,94,95,97,102,110,115,121,123,124,122,122,121,121,121,126,136
95,103,104,104,95,89,85,85,86,86,85,84,83,82,81,80,79,78,78,78,75,66,63,65,70
105,125,141,133,130,119,118,121,126,139,159,156,152,144,132,133,137,140,142,147,146,145,143,140,138
130,125,118,113,110,104,97,87,78,75,74,74,72,69,66,64,63,62,60,57,56,55,53,52,51
46,40,41,44,75,90,93,96,92,86,82,77,74,74,74,74,74,74,71,66,63,60,55,58,61
91,106,117,121,128,128,128,131,133,138,145,149,156,157,156,153,150,149,147,144,140,135,132,129,127
139,132,115,103,92,82,80,75,75,77,77,77,76,74,70,68,70,75,79,79,76,74,70,62,56
62,84,96,96,97,92,91,92,91,90,87,85,83,82,81,79,74,71,67,64,67,71,72,70,67
64,62,62,62,62,61,63,65,66,67,69,70,72,76,79,77,75,75,77,80,82,87,90,94,97
141,133,123,116,112,103,101,99,99,101,104,98,95,99,120,147,213,226,245,251,250,243,229,212,199
55,53,47,51,68,90,105,105,100,103,111,117,121,127,134,140,144,143,142,138,134,129,124,117,111
118,116,114,111,109,110,108,107,106,103,103,101,102,105,108,111,115,116,119,124,122,120,117,112,109
104,91,74,73,85,88,88,88,84,81,86,88,88,93,91,91,99,112,122,128,117,117,140,138,135
152,161,166,159,149,139,135,134,132,127,124,124,123,124,125,125,132,146,164,164,174,183,187,198,206
68,71,72,69,63,63,68,72,73,75,79,79,78,75,71,61,54,57,58,59,62,66,78,96,105
106,110,113,116,115,110,105,100,97,93,86,84,83,81,81,83,82,81,80,80,80,81,82,85,86
199,200,200,198,196,194,192,193,196,199,200,200,197,193,189,184,179,175,171,167,163,158,155,151,149
144,142,140,137,135,133,132,131,131,130,129,127,126,125,123,121,118,117,115,114,113,112,112,112,113
114,116,117,117,115,111,108,106,105,106,105,103,101,101,102,102,102,102,103,104,106,107,109,113,118
118,120,124,127,130,131,131,130,129,130,131,131,132,133,132,130,127,126,127,127,127,129,132,139,151
134,133,136,137,138,137,138,139,139,140,140,141,143,147,154,155,156,157,157,155,151,146,143,141,144
156,162,165,166,171,182,189,193,194,192,188,185,179,169,162,157,154,149,142,135,129,124,119,112,105
105,106,107,107,107,108,109,109,109,109,108,110,111,112,112,111,110,110,111,114,116,118,118,118,118
118,118,118,120,122,125,126,127,127,127,128,127,124,121,119,117,118,118,120,122,124,124,125,128,132
134,136,135,138,141,143,142,141,138,137,137,136,132,127,125,126,128,130,130,130,129,127,125,123,121
96,94,91,89,87,85,83,81,80,79,77,75,75,74,76,76,76,77,77,79,79,79,81,86,93
68,66,64,63,61,59,58,57,56,59,59,61,64,71,83,93,100,107,110,107,103,97,96,99,104
121,120,111,110,111,109,111,112,115,126,128,137,139,139,138,140,148,162,163,167,168,165,171,169,169
211,211,201,193,183,175,155,144,137,128,111,104,94,82,75,64,54,46,40,40,40,40,46,62,77
120,127,135,140,150,154,160,164,167,170,171,170,166,164,170,172,175,176,173,173,172,169,165,159,159
151,148,145,143,144,141,137,132,127,132,137,136,135,131,125,121,116,110,108,109,108,105,102,100,99
107,109,109,113,120,115,115,116,123,125,125,121,121,125,137,145,149,150,147,143,139,136,131,131,128
110,106,106,109,111,113,115,116,115,116,120,119,125,128,136,135,132,131,131,145,152,161,169,176,168
40,40,45,53,66,74,74,73,75,77,73,61,56,56,55,61,77,95,104,110,102,98,97,98,98
152,158,163,164,168,172,177,184,209,215,228,255,261,268,265,269,270,268,250,247,254,258,265,268,270
125,131,127,120,112,102,105,108,113,108,102,93,88,86,85,84,81,83,85,85,84,82,80,80,83
122,143,145,137,128,113,97,95,90,89,84,81,82,78,82,82,83,84,83,81,81,82,88,109,110
95,94,93,91,91,91,90,91,91,92,92,95,97,101,106,112,118,124,128,135,142,152,168,183,196
221,226,232,236,232,229,224,222,227,239,237,236,229,222,216,209,203,197,193,190,189,186,182,178,171
166,161,158,153,150,145,141,137,133,129,125,123,119,113,111,111,112,112,113,112,111,112,117,117,116
107,108,107,105,104,104,104,106,108,114,122,124,124,123,120,119,116,111,101,98,98,104,111,119,126
137,138,144,145,146,147,149,149,148,149,152,157,160,159,156,154,154,156,163,166,167,166,163,160,158
158,158,158,156,154,153,152,151,148,143,140,137,136,136,137,138,139,139,138,136,135,135,135,136,136
107,115,112,116,133,138,141,142,139,140,139,137,129,116,112,118,128,134,137,133,126,114,109,110,112
109,122,129,133,132,130,131,131,132,131,128,125,122,121,122,121,120,119,117,115,113,111,110,110,107
98,98,98,101,105,108,111,113,116,121,127,128,124,119,118,117,117,116,114,113,114,113,112,110,107
111,112,114,114,116,116,114,111,105,98,96,101,111,121,125,124,122,121,122,125,128,131,133,132,131
138,138,136,133,129,124,127,130,130,128,125,123,122,124,126,125,122,116,107,102,102,102,102,102,100
103,101,99,100,103,106,106,104,103,103,102,102,105,110,115,121,126,129,135,140,143,145,146,145,144
184,183,182,179,178,176,178,177,174,166,161,157,153,146,138,106,130,101,123,101,118,100,114,94,115
96,112,94,108,93,93,93,93,92,87,80,80,85,90,94,93,93,92,91,94,103,106,109,110,110
98,99,101,101,99,97,96,99,125,142,149,141,133,127,111,94,98,108,121,129,121,116,107,102,100
115,119,118,115,111,111,111,115,125,131,134,131,125,121,121,121,120,118,111,98,90,85,84,87,88
96,95,93,93,92,89,87,90,91,93,105,109,106,104,103,105,107,109,109,109,110,113,120,120,119
118,119,118,115,113,106,103,102,99,96,93,91,93,97,99,104,108,109,112,109,104,103,104,105,105
107,101,97,94,88,68,59,51,46,41,40,42,44,44,42,40,40,40,40,40,49,52,52,52,54
118,121,128,128,126,123,122,126,130,130,126,119,107,97,101,110,118,123,120,118,117,115,111,107,105
117,130,130,130,131,142,142,143,140,136,136,136,133,134,142,144,144,141,138,137,137,136,136,140,155
178,169,163,158,153,147,141,132,121,115,108,102,94,89,84,78,76,74,72,71,69,70,75,84,98
48,46,43,42,40,40,45,53,64,75,85,94,102,110,116,120,126,139,150,156,162,167,166,170,182
188,194,198,209,223,215,205,198,190,190,191,192,193,190,184,182,180,186,193,192,181,158,145,148,152
168,170,167,162,157,154,153,153,149,149,148,150,151,149,148,149,148,145,143,141,140,140,141,141,141
139,133,126,122,123,126,128,127,124,120,118,116,115,115,118,121,125,129,128,128,128,129,131,133,134
111,110,106,102,100,96,95,95,94,93,91,90,87,83,79,74,69,68,64,59,57,57,59,64,69
112,119,128,124,118,111,105,106,110,115,120,126,128,127,128,129,126,125,128,128,127,125,120,114,110
123,125,128,132,131,131,130,134,142,143,140,135,135,137,139,141,142,142,144,151,155,157,157,155,154
60,62,64,63,67,70,75,85,104,117,125,131,136,138,139,145,149,143,139,136,133,128,126,127,131
188,188,193,196,195,190,179,168,163,157,148,145,138,129,121,112,104,99,96,92,91,92,90,85,80
75,72,64,52,42,40,40,40,40,40,40,40,46,60,70,75,82,86,88,89,91,95,102,113,124
153,150,149,147,146,145,145,145,144,143,142,144,148,149,145,137,129,123,119,118,116,115,116,118,119
188,176,149,128,113,102,89,73,76,71,67,74,84,93,102,107,106,113,133,134,135,136,131,136,160
173,176,169,164,152,140,133,123,122,137,140,141,138,135,128,124,119,111,112,112,104,88,74,76,83
221,227,232,231,228,224,220,216,213,208,201,200,199,198,192,192,189,189,191,192,190,186,182,178,175
103,104,104,104,105,106,106,106,105,103,100,98,98,99,102,105,105,103,99,97,97,97,97,96,98
105,107,108,107,109,114,119,122,120,116,114,114,115,117,120,124,129,134,130,129,127,124,122,122,121
121,121,117,117,121,122,123,119,116,114,114,116,116,117,117,119,121,126,132,138,143,141,140,135,135
133,131,125,111,103,97,88,86,90,95,90,81,75,73,73,74,75,77,81,87,97,111,126,140,141
141,142,138,136,133,122,114,114,116,117,119,119,119,126,128,134,146,145,144,140,135,126,125,125,122
114,115,114,112,110,112,111,103,96,93,89,85,90,95,101,122,123,128,133,138,141,144,149,163,166
163,158,156,156,154,150,149,149,146,145,141,135,135,134,137,135,124,123,119,120,124,126,133,136,137
137,134,132,131,131,134,133,122,121,122,115,112,115,118,116,115,114,113,111,109,106,105,105,105,106
113,113,116,128,129,135,142,132,132,132,135,132,131,130,120,119,120,121,121,122,119,111,103,97,97
109,115,113,113,113,112,112,111,114,124,124,126,121,115,117,117,120,125,126,125,124,114,107,107,113
121,117,121,121,120,122,121,123,125,123,119,119,120,119,115,113,113,112,112,110,106,104,98,94,97
201,197,188,181,171,163,164,167,176,168,166,166,168,161,156,150,142,147,161,158,155,156,163,162,159
139,129,120,114,103,94,86,82,80,83,85,83,80,77,73,70,65,61,58,55,53,49,47,45,43
117,119,126,123,120,114,109,106,104,110,116,121,125,116,112,112,108,110,113,114,116,124,134,136,135
144,129,113,121,130,130,130,129,125,122,121,120,120,120,115,121,123,126,129,133,135,137,138,142,139
66,66,69,76,79,81,83,85,86,89,96,100,96,94,100,100,94,80,74,78,81,85,89,94,100
117,123,128,128,128,125,121,122,118,114,112,110,111,114,113,113,114,114,114,112,110,108,99,85,97
92,95,97,98,100,102,102,104,104,93,83,72,60,59,62,62,62,66,68,71,76,72,62,54,54
40,40,40,40,40,43,54,61,64,65,58,60,73,81,78,75,73,73,76,84,93,103,114,112,108
122,129,134,137,144,152,148,146,146,150,160,179,193,207,216,209,217,213,213,222,229,232,236,240,243
103,115,120,119,115,115,117,118,120,128,130,128,126,125,126,128,128,132,148,147,146,143,144,142,137
97,99,99,102,110,119,129,128,128,129,127,124,126,125,106,112,113,106,98,91,87,95,92,90,89
101,111,120,126,129,131,131,137,143,138,134,130,128,128,130,130,130,128,126,123,122,121,122,125,126
156,153,148,146,150,157,167,173,172,166,156,149,153,156,159,163,171,178,178,172,166,165,164,163,161
116,122,129,134,137,142,147,151,158,167,179,189,198,209,213,221,228,234,240,235,232,233,231,228,220
204,201,198,192,184,179,177,175,171,168,168,169,169,168,163,157,152,146,140,135,134,130,125,122,121
124,126,127,130,137,142,142,138,135,134,135,136,138,140,142,142,140,138,136,133,130,126,122,119,117
119,125,127,127,124,118,118,118,117,117,117,118,119,122,130,151,175,188,196,201,202,199,199,204,202
197,193,186,179,180,180,181,180,178,178,180,179,176,172,165,162,157,155,151,148,146,144,144,141,143
132,128,125,124,122,122,123,123,119,113,106,104,104,104,105,101,96,96,97,97,97,95,91,88,85
85,86,88,90,95,102,106,106,104,104,107,109,112,114,116,118,118,118,117,117,117,118,116,113,111
106,107,107,108,109,110,112,114,117,122,124,126,124,121,117,113,112,114,114,114,112,109,107,106,106
110,113,117,121,122,126,127,126,125,123,119,115,111,109,113,119,120,120,117,115,116,119,120,120,122
121,121,120,117,115,114,113,114,115,117,121,122,121,121,120,120,119,119,120,121,120,116,116,119,127
130,131,130,127,125,125,125,124,121,116,110,102,103,103,103,104,100,93,93,96,97,97,97,96,98
123,123,120,117,116,112,109,108,109,112,119,133,136,141,144,141,143,145,144,143,141,138,137,134,132
130,128,125,123,123,120,118,116,113,108,105,103,104,107,110,114,116,117,117,116,115,115,114,110,106
104,101,97,94,95,96,95,94,93,92,93,95,98,103,109,113,116,120,123,125,127,128,130,131,132
132,132,132,132,130,127,124,121,120,119,120,120,119,116,109,99,103,110,115,123,133,133,131,127,122
118,119,117,113,106,104,103,102,101,101,100,99,96,91,87,84,85,89,93,100,101,101,99,97,98
101,98,94,96,98,100,100,99,97,96,98,101,103,103,100,100,101,103,106,108,110,114,118,120,117
108,104,105,108,112,115,115,113,109,103,102,102,104,107,109,112,113,114,115,115,114,117,122,127,132
125,122,118,117,114,110,107,104,103,103,103,102,102,101,100,99,99,100,100,100,99,98,99,100,101
107,108,109,108,108,108,108,108,102,98,102,107,116,120,116,114,114,117,118,118,115,111,109,103,103
110,113,116,127,127,133,161,162,159,169,166,154,162,165,161,151,142,138,136,134,138,138,149,145,133
135,148,151,153,145,140,136,134,136,139,143,142,136,132,129,132,138,141,143,143,139,130,119,123,127
85,85,84,80,81,81,82,83,88,91,91,88,86,89,109,116,109,94,68,49,48,65,71,67,63
147,150,151,152,153,150,144,140,137,141,149,159,169,173,170,163,155,148,142,138,122,127,147,151,147
128,122,126,133,145,156,156,153,152,157,170,184,183,188,193,191,192,187,184,181,180,183,183,182,182
100,99,100,101,103,103,104,108,117,119,118,118,118,119,122,129,133,137,140,142,146,146,144,143,143
206,209,209,207,205,201,199,199,200,200,198,191,184,181,186,192,192,187,180,175,180,186,186,185,185
90,90,91,95,104,110,110,106,100,94,89,89,91,92,89,86,85,86,89,92,95,99,101,101,100
104,104,102,97,95,98,104,111,116,114,111,109,108,107,106,104,100,98,98,99,101,102,103,106,106
93,89,89,92,94,94,92,92,93,96,103,110,117,124,129,135,140,141,141,138,133,132,130,127,123
61,62,66,73,90,94,100,102,103,106,108,108,111,117,122,128,135,139,140,140,136,134,134,134,136
137,137,136,133,129,126,124,121,118,114,111,107,107,109,109,109,107,106,108,114,131,147,148,156,168
117,114,111,110,111,110,110,108,104,101,98,98,98,98,97,95,93,92,94,95,95,93,92,91,91
80,80,82,82,81,79,77,75,76,77,79,81,82,81,82,84,85,87,89,91,93,97,100,104,109
111,110,109,107,107,107,106,106,105,104,105,106,107,109,110,111,114,119,127,134,133,129,123,119,116
133,131,134,133,123,125,125,124,122,121,119,117,114,107,99,94,92,95,100,105,111,114,114,113,113
147,164,175,178,185,191,189,182,178,174,171,168,168,163,150,143,138,135,133,131,126,120,114,111,110
180,182,188,190,192,191,187,184,179,175,172,172,174,179,184,186,186,184,181,179,177,175,176,177,177
177,176,176,176,178,177,176,174,171,168,167,166,163,160,157,155,155,154,154,154,155,154,152,151,150
132,129,126,125,126,126,126,125,125,125,125,126,126,126,126,127,128,126,124,122,120,118,118,118,119
117,116,115,114,114,114,114,116,118,119,121,122,123,123,124,124,125,127,130,135,141,145,148,148,147
145,144,144,146,145,142,142,145,144,142,139,142,143,144,146,152,153,152,156,156,155,156,155,157,156
155,151,149,151,151,151,151,149,145,144,142,139,134,127,126,125,123,121,115,110,110,109,108,104,101
107,107,108,108,108,108,106,103,102,102,101,102,103,105,109,114,118,122,123,123,124,124,124,124,123
123,124,126,128,132,139,145,150,158,167,167,163,161,161,166,168,171,171,173,170,166,167,169,170,170
171,169,164,163,160,163,161,158,155,149,151,150,151,149,143,144,144,146,146,144,144,142,145,146,147
45,43,41,40,40,40,43,56,86,95,110,126,137,141,146,139,130,128,129,134,143,153,159,161,164
184,182,180,176,175,177,183,198,198,198,191,175,167,155,147,140,133,125,118,116,112,106,99,90,84
102,103,103,102,100,99,99,101,105,108,108,107,107,104,103,100,98,99,100,100,99,98,98,99,102
103,101,100,98,97,94,89,83,83,89,105,110,112,108,103,104,114,124,131,137,136,138,139,135,133
152,152,154,157,159,162,166,170,173,177,179,178,179,180,178,175,170,166,162,160,160,161,163,164,161
162,162,162,160,156,149,140,137,136,136,136,139,146,155,160,158,156,155,155,151,149,145,143,144,145
146,146,144,140,139,144,148,150,149,147,149,148,144,138,131,126,128,135,139,139,135,133,132,133,135
137,138,134,118,107,106,112,117,119,119,117,116,117,118,119,120,120,121,124,126,128,128,129,135,142
134,143,148,151,150,148,146,146,145,146,147,147,145,144,142,142,143,146,149,153,156,158,158,157,156
156,156,155,154,153,153,154,154,154,152,150,146,142,138,136,135,134,133,133,133,134,133,132,129,125
118,116,114,111,111,110,108,104,101,97,94,91,89,88,87,86,86,86,87,88,89,89,89,90,92
95,95,97,100,104,108,112,115,117,118,118,117,117,118,120,121,122,124,129,135,141,144,145,143,141
230,221,211,204,199,190,181,173,169,163,154,148,140,135,134,130,122,116,112,108,106,109,110,107,100
178,181,185,191,195,197,196,191,186,187,190,192,194,194,192,187,180,172,166,161,155,152,150,148,144
130,128,124,123,125,127,129,130,131,132,131,130,131,132,132,130,128,125,122,120,117,111,103,105,105
82,79,81,87,99,113,125,134,138,142,145,147,146,142,137,130,123,117,114,117,118,117,115,111,108
109,110,111,114,116,117,117,116,117,119,124,125,125,122,120,123,127,133,137,144,149,153,161,157,159
147,139,146,152,147,132,123,117,112,103,95,92,86,85,80,75,67,62,60,67,70,73,74,78,83
59,59,54,45,51,48,48,53,56,61,73,95,115,135,152,159,167,170,159,151,151,155,163,173,171
55,53,50,47,46,46,51,59,73,84,93,101,107,111,112,111,112,116,124,134,140,143,146,150,152
158,158,161,165,167,167,165,161,159,157,154,153,154,155,157,158,157,154,153,153,154,153,150,146,142
96,97,101,104,106,108,109,111,113,115,116,115,112,110,112,114,118,123,125,129,140,142,146,146,145
144,143,142,138,132,128,125,124,124,124,124,125,126,127,126,125,125,125,124,124,127,132,140,145,145
142,140,140,143,147,149,148,145,141,137,133,127,121,117,113,109,107,103,101,97,95,94,93,94,94
102,108,113,118,124,130,136,141,145,147,147,144,141,137,134,131,128,125,120,117,114,112,112,111,110
108,109,110,110,112,113,111,112,115,125,153,150,147,141,143,136,129,130,124,125,127,122,117,116,117
232,232,227,222,215,209,199,168,149,130,119,110,102,96,90,87,84,80,79,78,78,80,83,85,87
94,95,95,96,98,101,99,100,109,110,117,119,120,121,122,124,126,125,123,122,122,123,126,130,134
128,132,135,138,139,139,136,133,130,126,124,121,120,119,115,115,114,112,114,115,115,111,113,113,110
99,106,107,109,130,127,119,119,111,108,97,91,89,89,91,104,185,193,201,202,198,196,192,185,172
159,156,155,153,149,145,143,140,141,139,134,130,125,120,117,115,111,109,106,103,102,101,101,100,98
207,201,194,183,170,160,163,155,139,128,122,115,109,103,97,90,74,70,64,58,59,61,66,75,99
114,125,137,118,122,135,137,140,149,156,162,168,168,157,164,155,147,142,139,136,133,132,132,130,129
140,137,135,133,132,136,139,136,135,133,128,127,127,127,130,136,137,135,132,128,126,125,123,119,108
142,138,135,131,126,121,115,111,108,101,97,92,90,84,69,71,65,52,52,52,55,51,51,54,61
107,110,111,108,104,99,96,95,96,100,104,110,111,110,108,106,106,104,99,99,91,86,82,81,81
84,77,74,72,73,75,77,82,84,88,90,91,90,92,91,93,92,92,94,94,94,96,94,92,95
65,66,65,69,72,71,71,68,65,65,62,54,49,45,43,44,45,47,48,49,51,54,54,53,54
56,55,58,68,78,89,99,111,121,132,136,139,143,146,154,159,163,153,138,128,123,125,132,133,133
131,130,130,129,128,127,126,127,127,127,128,126,123,122,121,122,124,126,129,130,132,133,134,133,132
132,127,125,121,120,120,119,118,118,115,110,111,113,119,120,121,128,131,135,136,134,126,118,114,113
93,102,105,111,110,109,109,109,109,109,109,108,108,109,109,109,110,110,109,108,108,110,111,111,107
113,111,106,96,98,100,97,88,89,92,96,99,99,97,94,91,89,89,86,78,77,73,65,63,68
96,88,81,74,72,74,79,86,99,102,105,105,107,112,116,111,111,113,114,114,109,104,102,101,100
111,112,113,113,114,120,130,135,130,122,115,109,109,111,112,113,114,114,116,118,121,123,123,124,127
197,196,195,195,198,202,206,206,203,200,197,196,198,201,209,222,230,236,229,224,222,219,215,209,204
106,117,126,131,135,140,145,146,145,149,160,168,174,178,180,183,188,196,201,201,197,191,187,184,182
179,177,176,176,181,194,199,203,197,192,188,182,176,164,154,155,156,154,139,128,119,111,103,98,94
156,155,151,145,142,140,139,138,136,132,128,126,125,126,128,131,131,131,129,129,128,126,125,125,124
74,73,72,70,67,64,67,71,75,84,90,86,80,74,71,70,72,75,74,65,53,44,46,51,54
149,145,146,145,140,139,142,141,128,126,127,130,135,140,143,145,145,143,140,136,128,122,118,117,122
126,124,119,112,107,104,103,102,102,102,97,93,91,94,98,101,101,100,99,100,103,105,105,104,105
106,108,111,112,116,117,114,111,107,102,100,98,97,97,97,97,100,106,108,110,111,118,127,133,137
142,139,135,132,131,129,124,120,120,120,115,112,115,121,125,127,124,121,119,118,120,125,128,133,136
213,212,211,207,204,201,197,200,199,188,176,169,162,154,166,176,178,176,164,149,145,148,144,142,137
144,150,165,173,171,164,157,150,145,140,134,125,115,109,103,95,87,80,74,70,68,65,62,59,58
57,57,54,52,55,61,79,90,100,109,118,126,135,143,149,153,160,171,179,184,189,192,190,190,186
181,178,170,156,147,144,142,142,142,141,138,140,142,145,145,141,137,132,130,128,128,132,137,138,141
139,135,130,125,120,117,114,113,108,115,115,111,104,101,95,89,85,87,90,94,101,108,117,128,139
141,148,154,159,157,163,168,177,182,180,182,185,183,182,179,172,171,167,156,149,139,155,159,151,142
135,129,127,125,118,111,109,104,102,104,104,102,98,92,96,101,109,107,106,105,104,101,96,98,101
76,78,83,94,93,92,90,88,92,97,109,125,127,130,132,137,139,137,139,143,153,162,165,159,158
151,138,131,123,117,101,93,90,82,67,71,74,75,66,69,68,59,55,51,47,44,44,48,63,96
159,164,165,168,174,176,179,179,181,178,163,155,145,139,133,139,143,140,130,128,128,129,127,128,135
110,107,98,78,81,90,94,98,100,103,101,99,98,97,99,106,118,129,132,135,136,133,131,130,129
145,140,134,133,138,138,130,121,114,110,108,107,105,104,103,108,112,114,114,115,117,117,115,113,111
104,99,97,96,98,97,96,99,107,114,116,116,112,112,117,127,128,127,124,123,127,138,135,131,126
112,114,115,117,126,138,142,145,144,142,142,142,142,140,142,146,147,143,133,126,127,132,132,124,111
109,103,97,92,91,91,93,99,112,119,123,126,128,129,131,130,127,127,131,140,144,146,149,151,154
143,142,141,140,133,131,135,139,141,141,139,142,151,157,166,178,184,191,200,206,216,218,220,220,213
136,135,135,136,136,137,138,139,138,138,140,143,151,168,172,176,180,176,178,183,186,194,197,196,195
194,193,193,195,196,201,208,219,222,220,215,209,205,203,198,192,188,185,181,178,175,173,171,172,168
126,121,117,112,108,108,106,100,98,97,93,84,78,74,73,76,75,75,74,72,72,70,68,65,62
73,71,70,71,71,71,72,73,73,74,76,79,80,79,79,79,79,79,80,83,85,90,100,104,107
74,75,79,82,83,83,82,81,78,77,77,77,78,79,79,82,87,91,94,95,95,92,88,89,90
74,80,81,79,74,67,59,55,54,56,58,62,68,75,85,102,116,125,134,142,149,159,177,177,183
154,153,150,147,141,132,128,125,124,124,125,124,122,120,117,117,118,119,120,119,117,115,113,113,114
160,155,148,131,124,124,121,126,133,136,136,133,126,118,110,103,107,112,116,122,133,145,154,163,170
178,178,177,175,173,170,168,168,172,177,183,189,192,191,191,190,189,191,194,194,197,199,200,201,200
111,112,114,115,113,112,114,123,131,135,134,130,130,137,139,138,137,135,138,144,147,145,144,141,137
134,133,133,136,139,138,139,142,141,137,133,128,127,129,130,128,126,125,124,126,133,138,147,155,165
78,73,76,76,72,66,67,71,80,97,110,116,123,121,124,129,133,129,124,124,122,117,118,116,111
135,133,131,131,130,130,131,131,130,130,129,127,128,131,133,134,133,134,140,147,148,149,148,145,143
126,126,127,128,130,131,131,129,128,126,121,117,114,112,112,113,115,119,119,118,115,113,113,114,114
113,111,107,107,111,114,117,117,115,113,112,113,115,119,120,119,117,116,116,118,120,123,124,125,129
131,136,138,144,143,146,142,142,153,157,168,171,174,184,197,200,203,209,215,214,211,223,221,223,221
72,70,67,65,61,61,61,63,69,83,98,117,123,133,140,143,142,138,135,132,127,120,115,114,112
99,99,98,96,96,98,100,102,102,103,103,104,104,103,100,100,103,108,112,114,111,109,111,113,115
116,117,120,126,131,141,161,165,167,175,172,169,175,171,169,173,173,171,172,175,172,167,164,165,168
147,147,141,135,130,126,118,106,94,88,82,77,82,90,103,115,120,121,116,112,109,106,100,95,92
122,132,144,148,154,160,158,150,141,139,143,155,181,184,190,191,187,185,182,184,185,184,181,181,180
136,138,139,136,131,128,122,119,123,125,125,123,121,120,122,125,125,125,126,126,126,127,129,136,150
165,165,174,179,181,181,183,183,186,188,185,180,170,161,157,163,164,166,164,155,141,142,142,141,138
133,132,131,127,125,126,126,126,123,118,118,118,121,124,123,120,118,117,118,118,117,115,113,114,120
96,95,95,95,96,99,108,111,117,117,114,112,110,107,108,109,112,114,112,110,106,104,99,89,85
112,117,124,126,126,126,124,123,123,125,126,125,125,125,122,119,115,112,111,112,113,113,114,112,109
115,113,111,110,106,100,99,95,94,96,97,97,93,88,88,89,92,95,100,109,121,132,146,161,175
84,85,86,83,81,78,75,73,73,70,67,65,63,63,64,64,65,66,67,66,65,64,64,64,65
132,125,123,121,121,122,118,114,116,114,110,107,107,113,123,130,132,133,134,138,139,138,135,132,130
117,111,107,106,105,105,108,109,106,95,81,72,65,60,62,62,60,55,47,40,40,40,40,40,40
59,74,101,113,122,130,138,143,148,151,151,156,158,155,153,149,141,133,129,127,126,122,118,116,113
173,171,165,153,149,148,146,142,137,128,128,125,125,126,125,124,120,116,111,106,103,100,98,96,97
193,200,202,200,196,189,180,169,159,153,146,142,138,137,138,137,138,138,140,146,150,154,157,159,164
178,183,185,185,183,178,171,160,157,162,171,176,179,178,172,170,169,169,169,168,166,164,161,159,157
154,148,145,141,136,126,119,113,107,102,98,96,94,95,96,96,96,97,101,106,109,110,109,107,104
101,99,98,96,96,96,98,100,102,107,113,116,118,120,117,117,115,112,109,109,112,114,116,117,117
105,107,106,105,104,103,103,102,104,107,111,117,126,138,136,142,150,152,159,160,154,152,151,149,148
76,71,66,62,59,59,61,68,86,112,116,127,135,140,145,151,160,166,168,171,177,188,191,194,196
196,197,200,206,213,210,207,203,199,200,204,208,208,205,199,190,182,178,174,172,172,172,171,168,167
168,172,176,177,176,173,169,164,159,155,155,153,149,146,142,139,137,137,134,131,129,127,123,119,116
118,118,116,115,115,114,114,116,117,115,113,110,110,109,109,107,104,102,101,101,101,102,102,103,105
108,109,110,109,110,113,115,117,118,119,116,118,127,130,131,129,127,128,131,133,131,132,141,144,141
182,184,181,181,188,196,201,201,200,199,195,192,188,187,182,177,176,175,174,177,181,183,185,185,184
137,124,113,109,108,109,106,97,87,81,88,96,94,90,86,80,73,68,72,77,82,86,90,92,93
191,187,181,177,172,166,166,162,158,154,148,146,144,139,133,123,120,119,120,121,119,120,125,140,156
136,132,125,120,119,119,121,121,118,115,114,117,121,123,128,134,135,132,127,123,119,123,127,129,129
128,128,124,115,108,105,101,98,95,92,89,92,94,94,90,83,81,81,81,83,85,88,93,101,106
108,106,104,105,106,109,110,113,120,118,116,119,126,132,134,140,155,163,174,187,203,214,225,232,236
113,112,112,112,111,108,106,105,105,106,109,110,110,109,109,112,114,122,131,135,134,132,130,128,124
126,115,106,99,92,85,76,68,60,54,48,42,40,40,40,40,41,47,57,63,65,63,60,60,59
66,67,68,69,72,76,78,80,82,85,92,97,98,95,92,93,100,107,112,117,121,125,129,130,129
99,101,101,103,103,103,103,104,105,108,108,108,112,119,118,119,119,120,120,120,118,119,121,120,119
118,116,115,115,117,122,125,129,134,138,140,136,132,128,127,127,127,128,128,127,127,126,127,127,126
223,216,209,208,207,207,206,204,198,192,188,180,163,171,175,178,170,166,159,156,151,143,135,125,117
174,188,199,208,226,238,234,222,212,220,220,211,210,217,218,218,225,232,235,242,247,252,259,269,267
93,94,94,93,91,89,87,86,86,87,88,88,88,88,90,95,100,106,110,114,118,121,124,126,125
128,131,132,133,133,132,130,129,128,127,131,129,119,122,122,115,113,116,118,121,122,127,127,129,128
131,142,154,166,171,178,184,175,174,170,175,170,172,173,169,165,164,164,163,162,159,147,145,142,138
137,130,134,136,136,137,133,129,122,126,127,121,125,127,127,128,127,130,139,147,160,158,152,147,141
148,152,151,151,153,165,167,164,161,157,149,132,144,146,144,144,144,146,148,160,158,157,160,158,146
146,137,139,146,152,164,162,160,158,150,142,134,125,113,111,111,111,116,115,107,103,93,86,80,75
185,184,179,168,168,167,163,155,157,159,160,161,159,157,146,128,130,139,142,141,136,133,124,115,103
154,148,140,136,136,124,117,121,126,121,117,115,116,113,116,120,123,124,123,127,128,133,133,133,133
271,257,231,212,194,176,164,158,147,135,135,130,123,118,116,113,113,112,110,109,107,107,108,106,108
118,118,116,117,121,130,145,163,168,176,176,169,172,182,188,198,195,189,187,185,185,183,181,182,182
165,162,158,157,160,169,181,188,191,193,193,193,193,191,193,194,192,189,184,176,172,177,181,182,178
174,169,164,161,159,162,163,161,160,160,158,155,149,140,135,133,132,131,129,126,123,121,118,113,113
179,183,185,192,207,202,197,192,188,184,182,180,179,178,176,172,171,168,164,158,154,152,150,149,147
143,137,130,123,118,112,107,102,97,92,87,83,79,76,71,67,64,62,62,63,63,62,63,64,65
58,62,67,73,80,87,92,97,103,107,110,118,121,120,121,119,116,115,116,117,116,115,111,104,99
92,91,92,92,93,91,87,83,81,86,97,97,98,96,97,99,101,99,95,95,94,92,91,91,94
157,162,161,157,156,157,160,166,175,182,181,178,172,170,172,174,178,181,186,194,196,194,190,186,184
50,50,51,52,56,67,73,83,85,81,80,79,77,76,76,76,77,76,76,76,77,78,77,75,74
74,71,71,69,63,60,61,62,66,67,67,67,67,66,67,69,73,82,90,94,94,92,92,94,98
132,123,115,106,96,80,68,59,51,46,40,42,49,57,65,71,75,73,71,69,67,65,63,63,60
121,121,118,114,114,118,123,128,137,143,146,140,139,137,137,137,135,133,130,124,118,117,112,107,103
95,96,91,89,89,85,84,83,82,84,86,90,93,96,99,101,104,107,107,109,109,110,115,116,115
123,121,117,117,115,109,106,100,94,92,92,93,95,96,99,105,114,121,125,124,118,111,108,110,112
136,131,125,120,116,113,115,118,119,118,116,114,111,109,109,110,110,110,109,109,107,107,108,109,110
110,108,105,103,103,107,115,120,120,122,122,123,123,123,122,122,124,129,129,127,124,122,122,119,117
112,101,96,92,94,98,104,119,118,118,115,117,120,122,124,124,124,126,134,144,147,151,147,147,156
147,140,135,131,120,112,119,122,120,106,102,109,109,115,121,130,136,144,148,149,157,161,162,170,175
97,97,96,94,93,94,95,99,102,103,106,104,104,105,106,108,110,114,121,126,124,122,119,118,118
120,121,121,120,118,113,107,102,100,99,98,95,93,92,93,93,92,90,87,85,85,85,82,79,78
50,54,57,57,56,59,77,89,90,84,74,67,66,71,73,73,72,72,74,78,85,92,100,106,111
143,136,131,131,129,124,118,111,105,100,97,98,99,99,99,96,91,87,88,93,100,112,121,130,147
58,57,55,55,55,59,60,59,58,58,59,65,71,73,70,67,67,66,66,65,65,65,66,65,65
180,188,195,196,191,185,180,176,171,163,153,145,138,132,127,119,111,105,100,92,84,81,74,71,77
96,100,103,107,112,117,119,120,121,122,123,125,123,121,119,119,122,128,133,134,131,131,132,132,134
125,129,133,132,130,126,119,114,109,108,105,102,101,99,101,104,104,101,99,95,93,89,85,84,85
178,180,182,180,179,177,174,174,173,170,168,169,168,164,160,151,142,135,130,124,118,113,109,106,105
170,168,169,172,172,172,172,170,168,167,166,166,167,167,167,166,165,162,160,157,156,154,152,152,152
152,152,153,153,150,145,138,131,133,136,139,141,141,143,143,144,145,146,147,148,148,147,145,141,136
129,125,122,120,118,118,118,119,119,118,117,117,116,117,121,123,123,122,120,118,117,117,117,117,117
118,118,119,119,120,120,120,121,121,122,123,123,125,129,130,131,130,130,132,136,141,146,151,151,151
225,223,221,218,216,207,198,200,200,199,198,195,188,179,172,166,166,161,157,156,157,157,153,149,143
88,88,88,87,86,84,82,82,84,85,88,88,90,91,89,88,87,87,87,90,88,87,89,92,96
132,147,157,170,184,186,191,190,189,191,191,189,185,181,176,172,168,165,165,164,163,162,158,154,151
147,145,143,140,138,137,136,135,134,132,131,130,129,128,128,127,127,128,129,132,134,134,132,131,130
128,127,125,124,122,119,116,114,115,118,122,124,123,121,120,121,123,123,124,125,125,125,125,126,128
184,194,194,195,185,179,176,168,174,176,174,170,165,158,155,151,152,156,160,160,154,150,149,153,162
146,148,154,156,155,155,156,155,152,150,152,152,150,147,144,141,136,137,136,135,134,133,132,131,131
133,134,136,137,138,139,139,139,139,139,139,139,139,139,139,139,139,139,140,140,140,140,140,140,141
181,179,180,180,174,176,177,176,172,157,159,164,166,167,166,167,164,161,156,148,142,138,139,143,142
138,138,130,128,122,98,94,98,100,107,105,108,108,106,105,102,91,89,84,75,77,74,64,60,60
91,91,91,92,93,95,97,98,98,98,98,100,101,101,101,100,99,98,97,97,96,97,98,99,101
166,159,151,145,141,135,129,123,123,118,111,87,74,63,54,54,54,58,68,85,85,85,92,100,95
70,65,65,67,64,66,69,69,70,69,69,70,70,73,77,82,85,88,89,83,76,81,108,116,125
118,119,120,119,119,121,121,122,120,120,124,141,159,159,166,170,165,167,171,170,170,169,165,159,153
106,107,111,116,115,109,104,104,109,114,119,119,117,115,116,118,120,122,121,120,121,124,126,125,121
172,168,162,160,157,151,147,139,129,126,122,121,117,111,104,97,91,85,90,98,105,107,102,94,81
47,45,45,44,41,42,45,52,75,88,97,106,113,120,129,137,142,149,154,158,160,159,157,153,149
145,148,151,152,153,152,149,147,146,145,144,145,146,145,145,145,148,155,164,171,175,174,175,180,182
97,99,100,101,105,107,107,106,105,106,108,112,116,120,126,133,142,148,155,165,172,182,185,194,203
61,57,60,68,81,100,108,111,106,98,94,86,73,65,61,59,58,56,52,45,43,43,45,48,51
40,40,40,40,40,40,40,51,71,83,82,86,85,88,93,98,102,105,110,116,122,124,123,120,118
132,139,147,152,148,140,134,129,126,126,127,130,134,136,137,137,137,136,136,136,136,135,133,130,125
113,113,115,116,117,119,120,119,116,112,107,104,106,111,115,116,116,116,115,115,115,113,109,107,107
123,124,123,122,121,122,124,126,129,133,138,136,133,130,127,127,129,131,131,130,128,128,129,126,127
127,127,124,123,119,116,114,110,106,100,100,100,105,114,121,127,130,126,129,126,127,128,136,153,160
191,200,207,201,194,189,191,201,198,195,198,199,198,202,205,204,204,204,198,200,198,202,201,197,190
190,193,194,193,192,185,182,173,158,131,113,93,89,89,93,85,75,61,50,45,42,44,47,51,61
69,80,92,124,137,155,163,179,177,181,186,176,170,179,181,179,176,176,170,160,161,158,144,130,122
123,114,114,112,112,114,117,118,119,116,110,99,111,112,109,110,119,124,130,140,165,181,193,209,221
102,103,104,105,108,111,110,110,114,123,129,125,123,128,140,143,150,151,156,168,172,164,164,170,176
93,109,118,123,138,122,113,120,121,124,123,125,123,122,120,119,116,119,121,120,121,123,125,129,133
129,127,126,122,114,106,98,92,89,87,85,82,86,90,92,90,85,83,82,84,86,88,92,95,97
125,119,119,119,118,117,117,117,119,122,126,129,133,136,139,142,145,149,150,147,145,148,151,147,126
99,94,88,97,96,98,99,99,98,95,92,90,86,87,89,89,88,86,86,88,89,88,87,85,85
98,96,95,93,94,93,91,90,90,91,92,93,95,95,93,93,94,97,100,102,104,109,113,114,117
140,145,154,159,161,157,155,153,148,143,136,131,123,127,127,127,128,125,121,118,112,106,101,97,96
100,95,91,90,95,104,110,110,105,104,105,111,121,119,115,111,111,115,119,125,127,130,128,127,127
126,126,126,125,124,123,122,117,112,114,113,107,110,112,112,111,107,103,104,106,109,114,116,113,111
114,116,116,115,115,117,123,128,132,133,130,129,134,150,165,179,195,209,206,215,223,235,249,261,262
179,175,175,171,167,167,169,170,166,159,153,156,155,143,136,132,131,127,122,117,114,115,118,116,108
122,131,136,142,149,156,165,172,180,187,194,200,203,203,202,203,201,199,199,200,202,199,197,198,200
202,203,202,199,197,194,194,192,186,186,187,186,187,187,185,179,168,157,152,149,147,145,144,141,141
143,142,141,139,137,134,132,130,129,129,129,128,126,123,122,118,115,111,103,100,102,110,119,126,128
243,244,242,237,231,232,228,227,230,228,228,228,224,213,213,212,210,214,216,217,213,197,193,189,188
69,69,68,67,67,68,71,74,75,75,73,72,73,74,76,80,84,85,85,84,84,85,86,88,90
175,175,173,173,169,169,171,176,184,186,182,181,179,179,182,182,182,180,173,171,166,165,169,167,161
92,88,78,67,62,59,59,57,56,60,65,71,78,83,89,99,110,127,143,163,176,192,195,200,206
66,61,58,57,55,59,64,66,70,76,84,92,100,108,110,110,108,106,106,105,103,100,97,95,95
104,104,99,92,87,84,84,84,82,82,83,83,82,82,83,84,89,91,93,97,104,109,111,115,123
111,116,124,134,141,146,148,151,156,149,149,150,149,151,154,157,166,187,187,197,214,222,229,233,233
228,222,215,205,204,207,214,221,219,217,217,215,210,206,201,196,193,190,189,190,189,188,185,182,178
172,168,167,164,159,155,150,146,144,143,141,141,141,142,142,140,136,133,130,130,132,135,136,136,133
130,127,126,124,123,122,120,117,115,115,115,116,116,114,111,108,107,108,110,112,113,111,111,110,109
113,115,122,136,144,148,152,145,139,134,125,116,113,108,101,94,87,89,93,100,108,113,114,112,111
111,111,113,112,111,111,111,110,111,113,118,123,128,126,125,121,113,113,113,109,98,102,104,107,111
125,132,136,139,134,133,132,139,141,145,150,154,153,154,152,155,154,154,154,155,153,152,151,146,143
96,101,105,112,120,126,127,126,127,129,131,132,132,131,131,131,131,132,133,133,133,132,131,129,128
128,130,133,137,142,148,153,155,153,153,152,152,152,150,146,143,141,142,141,136,131,129,129,128,125
238,239,244,245,246,244,243,243,242,242,241,240,239,240,240,242,244,241,234,226,219,215,213,213,210
206,201,195,192,190,187,184,182,180,178,174,169,168,170,169,162,156,154,153,154,154,151,148,146,143
141,140,138,135,131,128,125,122,121,122,123,126,127,128,131,132,133,131,128,128,127,120,113,109,119
120,130,141,151,164,186,173,172,173,175,178,181,182,186,193,203,203,203,202,199,199,197,198,196,188
205,196,186,176,166,164,172,173,166,155,144,137,134,141,149,151,151,148,148,148,145,146,158,179,192
60,55,53,56,56,55,53,50,48,48,47,50,51,50,52,64,82,89,89,86,82,79,81,86,94
170,159,146,139,134,134,143,149,151,149,144,143,144,143,143,140,139,142,153,168,180,194,202,208,211
208,205,204,205,204,203,201,202,205,205,202,189,185,178,176,171,160,149,148,141,134,125,118,112,108
107,111,113,113,111,108,102,101,104,105,106,105,100,94,95,94,93,89,91,96,99,101,99,94,88
57,61,68,85,103,114,121,123,128,144,145,142,131,119,108,104,112,116,117,113,103,103,106,110,115
216,215,217,217,221,224,226,228,226,219,202,182,172,167,165,169,173,175,177,179,178,173,160,158,154
149,149,146,146,147,147,151,162,162,162,163,164,164,160,152,143,134,130,128,125,126,129,127,124,117
161,157,154,151,146,143,143,145,147,149,150,152,156,161,167,165,163,165,170,172,173,174,171,168,168
169,170,170,164,153,140,132,125,118,116,114,111,104,91,83,77,80,88,90,86,81,76,71,69,71
71,73,75,76,77,80,83,85,84,86,98,139,146,161,163,175,183,203,213,222,230,234,237,239,242
247,242,241,239,234,230,231,234,232,217,204,198,200,198,193,183,175,169,161,151,142,131,135,138,134
75,77,79,79,77,76,75,72,69,65,63,63,63,65,68,70,71,71,71,72,73,74,74,74,74
94,96,97,99,101,107,117,122,125,126,128,130,132,134,134,133,134,138,148,156,163,167,170,171,174
146,152,155,155,154,152,149,143,138,135,137,141,143,142,142,139,129,130,127,121,120,114,104,100,100
74,76,80,89,111,124,123,127,115,113,111,109,107,101,95,93,92,88,86,89,92,93,89,82,75
80,78,75,73,72,69,68,65,67,73,76,80,83,82,80,77,75,74,72,74,76,80,84,87,87
95,96,102,104,110,109,113,118,118,123,123,122,117,118,118,118,119,124,138,157,157,162,154,149,150
244,241,236,229,218,207,195,179,169,164,160,150,142,129,118,106,101,89,90,83,67,56,59,61,64
60,59,61,62,63,66,66,65,66,67,70,68,67,69,73,79,79,77,76,77,77,77,79,84,87
90,91,93,95,97,98,99,98,98,101,104,107,109,109,109,109,108,106,105,105,105,106,108,110,110
108,103,93,95,97,100,105,106,107,103,99,94,96,96,95,94,92,89,87,87,86,84,81,76,75
69,66,63,67,70,70,69,65,62,63,63,63,61,62,62,61,60,60,61,60,57,58,57,58,62
